timestamp,open,high,low,close,volume,sma5,rsi14
2015-01-30,146.22,146.85,144.37,145.37,11271047,139.86799999999997,71.65733108771033
2015-02-02,143.72,146.59,143.05,146.26,6790894,142.30599999999995,72.74524205021726
2015-02-03,146.37,148.0,146.18,147.34,5978190,145.27799999999996,74.04708097682892
2015-02-04,145.97,148.39,145.93,147.22,4765618,146.79399999999995,73.62626726653238
2015-02-05,147.26,148.87,146.46,148.6,4252565,146.95799999999997,75.36045886340335
2015-02-06,148.62,148.89,147.7,148.0,4398747,147.48399999999998,73.10955742396266
2015-02-09,146.16,148.16,145.63,147.58,4203129,147.748,71.49965478219842
2015-02-10,148.2,148.71,147.503,148.04,4034851,147.88799999999998,72.22114917198547
2015-02-11,147.51,148.38,147.09,147.92,3271169,148.02799999999996,71.71114049473086
2015-02-12,148.26,148.57,147.68,148.09,2998941,147.92599999999996,72.0126680648912
2015-02-13,147.98,149.8401,147.64,149.73,3418587,148.27199999999996,74.8029084089798
2015-02-17,148.72,149.96,148.52,149.92,3622299,148.73999999999995,75.11247653208771
2015-02-18,149.7,151.62,149.37,151.17,3722107,149.36599999999993,77.10535505848767
2015-02-19,151.05,154.24,151.0,153.75,4383714,150.53199999999995,80.56463847495723
2015-02-20,153.8,158.83,153.8,158.31,9362988,152.57599999999996,84.90569292441262
2015-02-23,155.0,155.92,153.36,154.74,8625770,153.57799999999995,71.45034331807626
2015-02-24,153.5,154.78,153.21,154.38,4391701,154.46999999999997,70.24149751860622
2015-02-25,154.305,154.74,152.14,153.01,4800528,154.83799999999997,65.6869186650801
2015-02-26,152.31,152.38,150.81,151.73,5149021,154.43399999999997,61.66383486218304
2015-02-27,151.0,151.89,150.45,150.85,4330527,152.94199999999995,58.98893145132436
2015-03-02,150.75,154.15,150.75,153.8,4622753,152.75399999999996,64.54180988771444
2015-03-03,154.71,156.91,154.17,155.57,8655718,152.99199999999993,67.39443526487162
2015-03-04,154.62,155.22,154.0,154.35,4476113,153.25999999999993,63.596623104895954
2015-03-05,154.86,155.98,154.31,154.47,3327492,153.80799999999994,63.81263244617183
2015-03-06,153.92,155.03,152.81,153.12,3556216,154.26199999999994,59.53282198637769
2015-03-09,153.3,155.61,153.15,154.75,3432956,154.45199999999994,62.7788081874375
2015-03-10,153.3,154.13,152.42,152.42,3839572,153.82199999999995,55.878881817196046
2015-03-11,152.51,152.6876,151.17,151.17,3392735,153.18599999999992,52.54246278176247
2015-03-12,151.28,152.92,151.28,152.04,2965067,152.6999999999999,54.57537289870443
2015-03-13,151.89,152.39,149.79,151.57,3569516,152.3899999999999,53.24833805463402
2015-03-16,152.39,154.19,152.27,153.67,2742676,152.1739999999999,58.14539326479085
2015-03-17,152.88,155.0,152.73,154.51,2925179,152.5919999999999,59.952397389596555
2015-03-18,154.04,155.99,152.11,155.73,4053599,153.5039999999999,62.48565018223103
2015-03-19,154.91,155.33,153.66,154.11,2538976,153.91799999999992,57.30226302539547
2015-03-20,155.04,155.49,154.48,154.5,4464270,154.5039999999999,58.20120445962474
2015-03-23,154.98,154.98,152.81,152.81,3029523,154.3319999999999,52.99448696926358
2015-03-24,151.96,152.62,151.35,151.65,3319174,153.7599999999999,49.70741517518226
2015-03-25,151.4,152.04,148.13,148.23,3747634,152.2599999999999,41.528785747555226
2015-03-26,147.83,148.8499,145.96,148.17,3626966,151.0719999999999,41.400088148689285
2015-03-27,148.59,149.31,147.49,148.85,2599952,149.9419999999999,43.53577194217407
2015-03-30,150.08,153.17,149.98,152.7,3737257,149.9199999999999,53.80178254062863
2015-03-31,152.23,152.25,149.94,150.08,2975297,149.6059999999999,47.47582749318582
2015-04-01,149.97,150.02,146.82,148.64,4167631,149.6879999999999,44.38675089958388
2015-04-02,149.14,150.5,148.312,149.28,2934194,149.9099999999999,46.06639680089521
2015-04-06,148.15,151.45,148.0,150.93,3371457,150.3259999999999,50.239089816842814
2015-04-07,151.27,153.5,151.14,152.32,4299482,150.24999999999991,53.50271400331479
2015-04-08,152.19,153.5,152.19,153.36,2763398,150.9059999999999,55.83658934561813
2015-04-09,152.62,153.67,151.6264,153.42,3966515,151.8619999999999,55.97388695967523
2015-04-10,153.55,154.9633,153.25,154.38,3182905,152.8819999999999,58.21236502370177
2015-04-13,153.79,155.5,152.961,153.24,3034047,153.3439999999999,54.65836492084077
2015-04-14,152.93,153.54,151.59,153.21,2845971,153.52199999999993,54.56395684730596
2015-04-15,154.37,154.37,152.21,152.43,3687428,153.33599999999996,52.04683158918366
2015-04-16,151.66,152.53,151.05,151.97,2559883,153.04599999999996,50.56533792951408
2015-04-17,150.88,151.43,149.44,149.6,4664133,152.08999999999997,43.66851437041269
2015-04-20,151.06,153.55,151.01,152.67,3169131,151.97599999999994,52.6733654834156
2015-04-21,153.51,154.09,152.0,153.33,3772879,151.99999999999994,54.362399429062805
2015-04-22,152.36,153.0,148.85,151.19,8468924,151.75199999999995,48.3384662787453
2015-04-23,150.83,150.83,149.73,149.87,4079766,151.33199999999994,45.02430680159453
2015-04-24,149.54,149.86,148.02,148.4,4889228,151.09199999999993,41.603427621998115
2015-04-27,148.59,149.0,147.71,147.8,4599952,150.11799999999997,40.25889558013027
2015-04-28,147.9,148.37,146.01,147.51,4352892,148.95399999999995,39.592870680121344
2015-04-29,147.07,147.4548,145.9,146.15,4761676,147.94599999999997,36.53990698005263
2015-04-30,145.25,145.94,142.75,143.34,4925132,146.63999999999996,31.188676151485893
2015-05-01,144.41,145.07,143.84,144.67,3556817,145.89399999999995,35.968479884334755
2015-05-04,143.85,144.79,143.18,144.02,8977485,145.13799999999998,34.69988040768031
2015-05-05,143.76,144.695,142.27,142.91,3669996,144.21799999999996,32.58624046461712
2015-05-06,143.01,143.1499,140.43,141.04,5313279,143.19599999999997,29.343459230369774
2015-05-07,140.56,142.18,140.48,141.49,4868622,142.82599999999996,31.11982830874284
2015-05-08,143.0,145.94,142.98,145.46,7067828,142.98399999999998,44.400360663402054
2015-05-11,145.55,146.79,145.13,145.89,3969023,143.35799999999998,45.623277496182084
2015-05-12,144.94,146.08,144.01,145.43,3543150,143.86199999999997,44.4957743129799
2015-05-13,145.41,146.529,145.1006,145.62,2680190,144.77799999999996,45.099291575477444
2015-05-14,146.88,148.25,146.6501,147.96,3495382,146.07199999999997,52.0188898311625
2015-05-15,148.05,148.3,146.34,146.88,3368655,146.35599999999997,48.952214121313936
2015-05-18,146.88,147.24,146.3,146.71,2153183,146.51999999999998,48.46785175301287
2015-05-19,147.18,147.77,146.73,147.05,2366375,146.84399999999997,49.543159526656744
2015-05-20,147.14,147.34,146.1,146.42,2103999,147.00399999999996,47.56269394716422
2015-05-21,146.56,147.71,146.1,147.35,2676417,146.88199999999995,50.69593229226894
2015-05-22,147.26,147.27,144.8,144.81,3877994,146.46799999999996,43.11805342573114
2015-05-26,144.34,144.43,142.16,142.8,3470284,145.68599999999998,38.24604430540843
2015-05-27,143.42,143.7497,142.58,143.0,2836746,144.87599999999998,38.98480800942308
2015-05-28,142.51,145.29,141.58,142.33,3103154,144.058,37.371879214778254
2015-05-29,142.26,142.26,140.32,140.52,6199095,142.69199999999998,33.35681226266449
2015-06-01,141.45,142.05,140.27,141.25,3897020,141.97999999999996,36.32796876544102
2015-06-02,141.44,144.46,140.63,143.25,4986500,142.07,43.72981302744438
2015-06-03,143.78,145.059,142.89,143.81,3755788,142.23199999999997,45.63549061433727
2015-06-04,143.22,143.23,140.95,141.19,3239507,142.00399999999996,38.98352334163613
2015-06-05,141.04,141.3689,140.05,140.73,3215636,142.046,37.937931345810206
2015-06-08,140.24,141.35,140.2,140.64,2756645,141.92399999999998,37.72473648198336
2015-06-09,140.5,140.99,139.9,140.1,2647571,141.29399999999998,36.40290800671642
2015-06-10,140.68,142.6,140.29,141.62,2784396,140.856,42.509253184127715
2015-06-11,142.01,143.98,141.75,142.96,2924468,141.20999999999998,47.31212169041219
2015-06-12,142.62,142.86,141.09,142.8,2395238,141.62399999999997,46.80927622273623
2015-06-15,142.04,142.59,141.2777,142.29,2631428,141.95399999999998,45.16162035907738
2015-06-16,141.42,143.58,141.42,142.34,2450557,142.402,45.36466554628798
2015-06-17,142.87,144.0,141.9,143.43,2775397,142.76399999999995,49.73407683204055
2015-06-18,143.91,146.53,143.91,145.38,3728900,143.24799999999996,56.44497145749323
2015-06-19,145.19,146.1,144.95,145.13,4833868,143.71399999999994,55.423350915044445
2015-06-22,146.07,146.21,145.09,145.7,2084081,144.39599999999996,57.32008912616709
2015-06-23,146.33,146.45,143.8,144.43,2864424,144.81399999999996,52.010015900060985
2015-06-24,143.76,144.8,142.51,143.0,3989088,144.72799999999998,46.75755915157803
2015-06-25,143.27,143.76,142.34,142.45,2150968,144.142,44.88022384422641
2015-06-26,143.03,143.04,141.89,142.48,3151846,143.612,45.0099171733981
2015-06-29,140.96,141.32,138.58,138.73,3754214,142.218,34.1828059282374
2015-06-30,140.06,140.06,138.44,138.72,3434761,141.07599999999996,34.15920844971822
2015-07-01,140.48,141.14,140.02,140.73,3260868,140.62199999999999,42.71876051236625
2015-07-02,141.29,141.52,139.88,140.21,2116516,140.17399999999998,41.22557195331435
2015-07-06,139.02,140.73,139.0,140.52,2093393,139.78199999999998,42.51557064143676
2015-07-07,140.8,143.44,140.14,143.15,3692104,140.66599999999997,52.1174614348102
2015-07-08,142.5,143.15,141.52,141.92,3386472,141.30599999999995,48.073162257830376
2015-07-09,143.89,144.2,142.73,142.8,2486829,141.71999999999994,51.00267019138035
2015-07-10,144.14,145.19,143.866,144.48,2191962,142.57399999999993,56.095121397990155
2015-07-13,145.96,146.75,145.6001,146.62,2194245,143.79399999999993,61.573747591797236
2015-07-14,146.76,148.3,146.445,147.75,3388090,144.71399999999994,64.11977678256488
2015-07-15,147.75,147.75,146.48,146.89,2653911,145.70799999999994,60.81710236143686
2015-07-16,147.79,148.7999,147.77,148.49,2509591,146.84599999999995,64.48250971056962
2015-07-17,147.25,147.4399,146.0201,146.84,3127019,147.31799999999996,58.41388307890541
2015-07-20,147.11,147.2,145.9101,146.72,3016207,147.33799999999997,57.98646087961508
2015-07-21,146.59,146.59,144.22,145.0,4450681,146.78799999999995,52.101749244890044
2015-07-22,148.9,149.18,145.11,146.47,6236325,146.70399999999998,56.19351326109003
2015-07-23,147.0,147.95,145.79,146.11,4116025,146.22799999999998,54.955369964195036
2015-07-24,145.81,146.47,143.98,144.06,2454926,145.67199999999997,48.41369450381531
2015-07-27,143.22,143.35,140.8,141.03,3532068,144.53399999999993,40.70172766419447
2015-07-28,141.61,142.17,139.51,141.81,4137551,143.89599999999996,43.2096170804374
2015-07-29,142.48,144.61,142.37,144.14,3260403,143.42999999999995,50.01085617576755
2015-07-30,143.35,143.92,142.2056,143.01,2643985,142.80999999999995,47.066869979056065
2015-07-31,143.76,144.92,143.29,144.17,3163496,142.83199999999994,50.30118097846898
2015-08-03,144.44,144.75,142.59,143.69,3087956,143.36399999999995,48.96786434420572
2015-08-04,143.55,144.87,143.0401,143.54,1972989,143.70999999999995,48.53490807540942
2015-08-05,143.9,145.6,143.77,144.95,2914052,143.87199999999996,52.762850712171776
2015-08-06,144.7,145.25,143.42,143.82,2453479,144.03399999999996,49.269527684762714
2015-08-07,143.22,143.84,141.7,142.42,2953194,143.68399999999997,45.27045218980137
2015-08-10,143.79,146.77,143.78,145.86,3431860,144.118,54.946991977201854
2015-08-11,144.14,144.93,143.28,144.05,2816679,144.21999999999997,49.943407755154816
2015-08-12,142.55,143.01,139.86,142.43,4405521,143.71599999999998,45.913468349569676
2015-08-13,142.03,145.45,141.53,144.81,5124690,143.914,52.03664169068913
2015-08-14,144.61,145.47,143.76,145.09,2927085,144.448,52.714872852859514
2015-08-17,144.6,144.86,142.93,144.44,3745958,144.16400000000002,50.91495161994916
2015-08-18,144.39,145.214,143.82,144.6,1955346,144.27400000000003,51.355250536908414
2015-08-19,143.42,144.48,142.32,142.72,2967301,144.33200000000002,46.12029475159292
2015-08-20,141.62,141.9,136.9,137.02,6601375,142.77400000000003,34.60313675678397
2015-08-21,134.88,135.0919,131.46,131.71,7933042,140.098,27.670804301428547
2015-08-24,123.64,135.5,115.14,127.19,9425508,136.648,23.37750915232654
2015-08-25,130.0,130.72,125.43,125.49,7158176,132.826,21.995239335745993
2015-08-26,129.34,129.76,125.23,129.34,6419148,130.15,31.826449760711284
2015-08-27,131.08,132.36,129.46,131.87,5753259,129.12,37.409113393974565
2015-08-28,131.43,133.72,130.86,133.24,4508349,129.426,40.26185234352631
2015-08-31,132.37,132.7,130.39,130.68,4231483,130.12399999999997,36.87934884653444
2015-09-01,128.16,128.99,126.94,127.44,5771809,130.51399999999998,33.09026296239301
2015-09-02,128.48,130.67,127.74,130.63,4809264,130.772,39.6632595353257
2015-09-03,132.31,132.35,130.48,131.02,3379456,130.60199999999998,40.43368989488542
2015-09-04,129.55,130.49,128.655,129.76,3746661,129.90599999999998,38.71377223607097
2015-09-08,132.27,133.99,132.0,133.82,3505646,130.53399999999996,46.59646274306567
2015-09-09,135.59,136.25,132.21,132.65,4713931,131.57599999999996,44.8078742317098
2015-09-10,132.34,134.57,132.27,133.55,2932190,132.15999999999997,46.50878405218685
2015-09-11,133.16,134.86,132.885,134.67,2628223,132.88999999999996,48.63041771684762
2015-09-14,134.72,135.13,133.725,134.43,2389564,133.82399999999998,48.189338298763815
2015-09-15,134.52,137.0,134.52,136.3,3761791,134.32,51.85360923132812
2015-09-16,136.26,137.43,136.0104,137.2,2504368,135.23,53.55609221158095
2015-09-17,137.36,139.91,136.94,137.45,3405575,136.01,54.04223087683776
2015-09-18,135.75,137.69,134.4,136.09,7302713,136.294,50.91974005078322
2015-09-21,136.42,137.45,134.94,136.02,2460863,136.612,50.757181725044404
2015-09-22,134.49,134.49,132.52,133.99,3464997,136.15,46.15537856093198
2015-09-23,134.66,135.0,131.61,131.67,4907463,135.044,41.5221185503008
2015-09-24,130.72,130.77,127.18,129.75,5297023,133.504,38.11232758812982
2015-09-25,131.57,131.73,129.28,131.01,4149269,132.488,41.507061143188196
2015-09-28,130.44,130.48,128.03,128.13,4104019,130.91,36.56935269501414
2015-09-29,128.11,129.145,127.47,128.75,2935049,129.862,38.27178961662937
2015-09-30,130.27,131.41,129.621,130.95,3025421,129.71800000000002,44.01385490448318
2015-10-01,131.32,131.789,128.9801,130.61,2878388,129.89000000000001,43.34282393640366
2015-10-02,129.0,132.59,128.56,132.56,3020473,130.2,48.218841858848485
2015-10-05,132.28,134.15,131.35,134.02,4587247,131.378,51.57890836039899
2015-10-06,134.1,135.54,133.67,134.63,3059466,132.554,52.95255128452631
2015-10-07,135.69,137.73,135.26,137.02,3284108,133.76799999999997,57.98207259689368
2015-10-08,136.66,139.35,136.07,139.04,2835713,135.45399999999998,61.70801867561767
2015-10-09,139.07,140.2399,138.36,139.7,3065696,136.88199999999998,62.86664496529988
2015-10-12,139.93,141.07,139.32,140.68,1942171,138.214,64.58038973316454
2015-10-13,139.44,140.5,139.43,140.29,2339688,139.34599999999998,63.327826246145996
2015-10-14,139.75,140.89,133.58,134.22,8747037,138.786,47.79122509307072
2015-10-15,135.16,137.66899999999998,135.0,137.39,6368293,138.456,54.12154265284156
2015-10-16,137.43,138.73,136.52,137.6,3173330,138.036,54.514997529870726
2015-10-19,137.6,138.61,136.39,138.42,4021966,137.584,56.09823953401826
2015-10-20,137.94,139.93,137.58,138.88,4202644,137.30200000000002,57.002413141344505
2015-10-21,141.7,142.15,136.61,141.19,8976509,138.696,61.31154789961627
2015-10-22,142.0,147.36,141.93,146.31,6976122,140.48,68.77987450507251
2015-10-23,147.37,147.75,144.91,146.7,4691229,142.29999999999998,69.2665424029651
2015-10-26,146.21,147.23,145.55,146.7,3143377,143.95599999999996,69.2665424029651
2015-10-27,146.22,148.99,146.0101,148.46,3410812,145.87199999999999,71.5848222504407
2015-10-28,147.99,148.81,145.14,147.88,4408260,147.20999999999998,69.71843367129446
2015-10-29,147.54,147.869,145.83,147.18,3071764,147.38400000000001,67.43330686607638
2015-10-30,147.4,149.6,147.09,148.07,3938024,147.658,68.83207960384439
2015-11-02,148.38,149.47,147.56,148.4,2516541,147.998,69.3576182200208
2015-11-03,148.03,148.46,147.14,148.09,2469415,147.924,68.19435585922417
2015-11-04,147.26,148.76,147.18,148.19,2771502,147.986,68.37859742846018
2015-11-05,148.19,148.84,146.49,147.97,2545336,148.144,67.45285298083232
2015-11-06,146.58,148.17,146.01,147.94,2294059,148.11800000000002,67.31901113643733
2015-11-09,146.9,147.48,145.18,145.98,2980833,147.63400000000004,59.07206359512026
2015-11-10,145.28,146.14,144.03,145.15,2524124,147.04600000000002,55.94645371130002
2015-11-11,145.2,145.83,144.52,144.99,1589325,146.40600000000003,55.33858851219302
2015-11-12,143.0,144.4,141.59,142.54,3796076,145.32000000000002,46.93011565103628
2015-11-13,142.33,143.89,141.86,142.59,3063568,144.25000000000006,47.106751112069595
2015-11-16,142.58,144.5,142.33,144.42,2378332,143.93800000000005,53.24099182853374
2015-11-17,145.29,146.5931,144.638,146.08,3038322,144.12400000000005,57.999361166998966
2015-11-18,146.24,148.385,146.23,148.28,3099834,144.78200000000004,63.32596962481161
2015-11-19,148.79,149.48,148.26,149.24,2492572,146.12200000000004,65.38871596479623
2015-11-20,149.84,150.585,149.12,149.4,3210129,147.48400000000004,65.734636197958
2015-11-23,149.39,149.7,147.71,148.34,3182629,148.26800000000006,61.35932081563332
2015-11-24,147.49,149.59,147.215,148.65,2626649,148.78200000000004,62.152717378799984
2015-11-25,149.04,149.15,147.38,147.43,1852242,148.61200000000002,57.1770627740612
2015-11-27,147.5,147.97,146.68,146.95,1282131,148.15400000000005,55.30124309401314
2015-11-30,146.97,147.26,145.36,145.45,3175825,147.36400000000006,49.80259502679113
2015-12-01,146.54,149.4,146.47,147.74,3444346,147.24400000000006,56.85560252318062
2015-12-02,147.55,148.03,146.38,146.96,2648847,146.90600000000006,54.06893779451341
2015-12-03,147.05,147.63,144.28,145.56,3008656,146.53200000000007,49.38979012396109
2015-12-04,146.35,148.78,146.09,148.5,3892356,146.84200000000004,57.6736654183955
2015-12-07,148.3,149.5,147.32,148.45,3417715,147.44200000000006,57.5012880111012
2015-12-08,146.82,147.23,144.65,144.99,5020885,146.89200000000005,47.026677861358586
2015-12-09,144.6,145.69,142.27100000000002,144.24,5124573,146.34800000000004,45.10850146324927
2015-12-10,144.62,147.455,144.16,146.41,3278479,146.51800000000003,51.298236827625466
2015-12-11,145.0,145.7,143.72,144.62,3684384,145.74200000000002,46.62748330314853
2015-12-14,144.5,144.5,141.46,143.0,4841724,144.65200000000004,42.82691959455605
2015-12-15,145.66,147.1,144.12,146.53,4705329,144.96000000000004,52.00667758114921
2015-12-16,147.98,148.61,146.23,148.11,3315793,145.73400000000004,55.45424692286324
2015-12-17,148.85,149.8,145.5,145.56,3448810,145.56400000000005,49.29909322080508
2015-12-18,144.41,144.41,138.89,139.58,9914494,144.55600000000007,38.50537386669952
2015-12-21,140.21,141.94,139.7,140.9,3746389,144.13600000000005,41.547603170395206
2015-12-22,141.72,142.79,140.5,142.38,2791615,143.30600000000007,44.842428413614314
2015-12-23,143.08,144.07,142.81,144.06,3353818,142.49600000000007,48.39814872868884
2015-12-24,143.6,143.93,143.36,143.53,1184981,142.09000000000006,47.360874846060184
2015-12-28,143.26,144.67,142.845,144.54,1980017,143.08200000000005,49.578610068789324
2015-12-29,145.06,147.56,145.0,147.35,3133508,144.37200000000004,55.230028673829864
2015-12-30,147.22,148.0,146.01,146.41,1618898,145.17800000000005,53.086482558376325
2015-12-31,145.96,145.96,144.5,144.59,2104978,145.28400000000005,49.11206091409743
2016-01-04,141.38,141.7,139.43,140.5,5719241,144.67800000000005,41.5785718791026
2016-01-05,140.99,141.7,139.77,141.07,3349871,143.98400000000007,42.89328622460019
2016-01-06,138.83,139.35,137.26,138.83,4253790,142.28000000000006,39.16338523756753
2016-01-07,136.38,136.67,132.51,133.01,7012058,139.60000000000008,31.49918348358196
2016-01-08,133.7,135.1,129.8,129.99,5776684,136.68000000000006,28.39403444122854
2016-01-11,130.85,131.0,128.92,130.21,5551438,134.62200000000007,28.94355890014738
2016-01-12,131.58,132.17,129.64,131.92,4171096,132.79200000000006,33.23260177890778
2016-01-13,132.7,132.88,127.75,128.12,5073095,130.65000000000003,29.037957212241736
2016-01-14,129.59,130.07,125.814,129.2,6517453,129.88800000000006,31.67744562878697
2016-01-15,125.8,127.135,124.51,125.63,6665940,129.01600000000005,27.973462339382337
2016-01-19,127.06,127.22,125.11,126.06,5478511,128.18600000000006,29.04957755716545
2016-01-20,124.0,124.94,119.82,122.14,7635893,126.23000000000006,25.333657038977634
2016-01-21,122.77,125.98,121.54,123.4,5544963,125.28600000000006,28.499607969098534
2016-01-22,124.42,125.68,123.32,124.61,5259601,124.36800000000008,31.503253975282206
2016-01-25,124.6,125.24,123.4,124.01,4551032,124.04400000000007,30.81204182005547
2016-01-26,124.98,128.15,124.5,128.01,5432256,124.43400000000005,40.227674909501474
2016-01-27,119.9,120.11,115.02,116.58,27933374,123.32200000000007,28.353631632993782
2016-01-28,117.1,118.03,115.06,118.01,10708345,122.24400000000007,31.093977426140285
2016-01-29,118.14,120.18,118.02,120.13,9195206,121.34800000000007,35.05959375738536
2016-02-01,119.64,122.29,118.65,121.56,6812827,120.85800000000009,37.66554645815104
2016-02-02,119.69,120.28,117.37,117.52,8645098,118.76000000000008,33.56730103849655
2016-02-03,118.8,122.13,117.15,121.87,7361035,119.81800000000007,41.009911856208404
2016-02-04,121.12,124.91,121.12,123.61,5834171,120.93800000000007,43.72571372739639
2016-02-05,123.63,124.17,121.03,122.56,6186551,121.42400000000009,42.45549735810454
2016-02-08,120.67,121.33,117.25,119.47,6451319,121.00600000000009,38.87634572896507
2016-02-09,117.98,119.98,117.425,118.88,4136615,121.27800000000009,38.21390683917142
2016-02-10,118.16,119.46,116.27,116.36,4885437,120.17600000000009,35.436470835646475
2016-02-11,113.18,113.4,102.1,108.44,33734476,117.14200000000008,28.440226149695903
2016-02-12,105.12,109.84,105.0,108.63,12973183,114.35600000000008,28.80337696559019
2016-02-16,109.73,112.76,109.0,112.6,7587621,112.98200000000008,36.1002805131323
2016-02-17,114.03,116.83,113.99,116.34,6617451,112.47400000000009,42.118710184154104
2016-02-18,116.91,118.23,116.68,117.57,6488674,112.7160000000001,43.98719574804812
2016-02-19,117.31,117.33,114.42,115.16,6920609,114.06000000000009,41.182045817906165
2016-02-22,116.55,118.97,116.03,117.39,4930150,115.81200000000008,44.69647746296918
2016-02-23,116.97,118.5,115.93,116.9,3761995,116.67200000000007,44.07332134039864
2016-02-24,115.37,115.96,112.51,115.59,6856785,116.52200000000008,42.37246664151121
2016-02-25,116.35,117.6,115.78,116.82,4666597,116.37200000000007,44.53675540918956
2016-02-26,117.75,119.45,117.5,118.16,3757759,116.97200000000007,46.87746913878446
2016-02-29,118.12,119.465,117.5,118.18,4569117,117.13000000000008,46.91348030327755
2016-03-01,119.01,120.9876,118.25,119.96,4595366,117.7420000000001,50.15224013248637
2016-03-02,119.63,120.75,118.5,119.65,4292190,118.55400000000009,49.58486538415304
2016-03-03,118.84,119.73,118.25,119.61,3404500,119.11200000000008,49.507038508611785
2016-03-04,120.17,122.23,119.85,121.07,4421538,119.69400000000007,52.4412310529339
2016-03-07,120.8,123.32,120.57,122.9,4492729,120.63800000000006,55.900426290908435
2016-03-08,121.98,122.97,121.31,122.35,5245967,121.11600000000006,54.61469484878509
2016-03-09,122.38,123.26,122.03,122.86,3380229,121.75800000000007,55.63370951151902
2016-03-10,123.14,123.823,121.43,122.94,4110543,122.42400000000005,55.801349905591664
2016-03-11,124.13,125.5,123.86,124.63,3260095,123.13600000000005,59.30000634028552
2016-03-14,123.93,127.0,123.86,126.34,4282901,123.82400000000007,62.53183826827442
2016-03-15,125.55,126.37,124.21,126.36,3717494,124.62600000000006,62.56927528470072
2016-03-16,126.24,128.13,125.75,127.57,5154713,125.56800000000005,64.85706909397848
2016-03-17,128.07,131.6,127.42,130.7,5800939,127.12000000000003,69.97017810263755
2016-03-18,131.24,134.68,131.01,133.96,9108270,128.98600000000005,74.18331436525202
2016-03-21,133.46,136.78,133.39,135.86,5670920,130.89000000000004,76.27271392883071
2016-03-22,135.14,136.1,134.78,135.12,4988386,132.64200000000002,73.76859290211817
2016-03-23,134.99,135.0,132.74,132.86,4360844,133.70000000000005,66.57929155775017
2016-03-24,131.61,132.23,130.03,132.12,4573148,133.98400000000007,64.36727548165797
2016-03-28,132.53,132.6197,130.55100000000002,131.29,3352222,133.45000000000005,61.88381505076938
2016-03-29,129.83,130.93,128.18,130.88,4910240,132.45400000000004,60.63919724723814
2016-03-30,131.48,132.73,128.02,128.58,5947918,131.14600000000004,54.069572980269236
2016-03-31,128.09,128.38,125.25,126.94,8758093,129.96200000000005,49.916832396449934
2016-04-01,126.23,127.09,125.11,126.96,5327834,128.93000000000006,49.96729929775371
2016-04-04,126.54,127.9725,125.88,126.34,5035241,127.94000000000008,48.34108555538013
2016-04-05,126.15,128.59,125.58,127.03,4660145,127.17000000000007,50.2804568540606
2016-04-06,127.16,128.04,125.75,127.93,3998013,127.04000000000008,52.77104614442183
2016-04-07,127.0,128.94,126.56,127.0,4596320,127.05200000000009,49.984687044233404
2016-04-08,128.04,130.02,127.61,127.88,3939820,127.23600000000008,52.538378153961496
2016-04-11,128.25,129.9,127.68,127.91,3611543,127.55000000000007,52.62717915993705
2016-04-12,127.62,130.38,126.68,129.47,4234105,128.03800000000007,57.1199907674472
2016-04-13,130.49,131.5,129.81,131.14,3514770,128.68000000000006,61.346258942778654
2016-04-14,131.5,131.9499,130.53,130.85,4527589,129.45000000000007,60.235999407402204
2016-04-15,130.95,131.5999,130.68,131.13,5008673,130.10000000000008,60.970470090977294
2016-04-18,130.64,132.25,130.32,131.97,3056130,130.9120000000001,63.16838604797271
2016-04-19,132.57,133.85,132.21,132.68,2930833,131.5540000000001,64.96432667858255
2016-04-20,128.55,131.36,128.49,130.57,6799035,131.44000000000008,56.19480013790891
2016-04-21,130.98,132.64,130.3,130.74,4799388,131.41800000000006,56.70193197181589
2016-04-22,131.09,131.83,130.5,131.05,3858140,131.40200000000007,57.66442615529899
2016-04-25,130.45,131.0,129.31,130.75,4600056,131.15800000000007,56.35875082652919
2016-04-26,131.25,133.27,131.06,133.24,6103130,131.27000000000007,63.7045940799744
2016-04-27,133.2,137.89,131.945,137.08,6930700,132.57200000000006,71.63426387637173
2016-04-28,136.29,137.72,134.5,134.8,4936111,133.38400000000007,62.85369657821361
2016-04-29,134.42,135.23,132.81,134.8,3716644,134.13400000000007,62.85369657821361
2016-05-02,134.38,135.0,133.2283,134.01,3703832,134.78600000000006,59.90308155953026
2016-05-03,132.7,133.31,131.46,132.49,4028700,134.63600000000005,54.59279192494797
2016-05-04,131.59,132.31,130.53,130.89,3340334,133.39800000000005,49.607636958964484
2016-05-05,131.73,132.64,131.12,132.08,4199192,132.85400000000004,53.042135663693145
2016-05-06,132.11,133.63,131.76,133.26,2465916,132.54600000000005,56.227914350170344
2016-05-09,132.8,133.81,131.82,132.1,3431065,132.16400000000004,52.460038893767035
2016-05-10,133.18,135.24,132.7913,134.73,3378345,132.61200000000005,59.14464730643196
2016-05-11,133.81,134.99,132.94,133.0,3284133,133.03400000000005,53.78705173691704
2016-05-12,133.49,135.04,133.49,134.42,4591261,133.50200000000004,57.213090874040375
2016-05-13,133.74,134.94,131.91,132.12,3965859,133.27400000000006,50.66171247610899
2016-05-16,131.63,134.41,131.55,134.14,3165440,133.68200000000004,55.483083619770326
2016-05-17,133.62,134.49,131.96,132.56,4031994,133.24800000000005,51.263360404665264
2016-05-18,132.45,133.18,130.3421,130.99,4060391,132.84600000000006,47.40523017112529
2016-05-19,130.24,130.43,127.085,128.08,5061552,131.57800000000006,41.21380604984671
2016-05-20,129.13,129.25,127.2117,127.39,3297732,130.63200000000006,39.88365775742961
2016-05-23,127.4,128.41,125.88,127.58,3977167,129.32000000000008,40.45356255816084
2016-05-24,127.76,128.8057,126.32,127.5,5101559,128.30800000000008,40.28041166466648
2016-05-25,128.0,129.78,127.37,128.86,4656798,127.88200000000009,44.620055467647084
2016-05-26,128.48,129.8965,128.3185,129.31,2586116,128.1280000000001,46.01785755434859
2016-05-27,128.96,129.7,128.83,129.22,3043644,128.49400000000009,45.76904077878946
2016-05-31,129.88,129.98,126.04,126.15,6893758,128.20800000000008,38.18462196202266
2016-06-01,126.0,126.5,124.78,126.41,4679140,127.99000000000008,39.10496981254215
2016-06-02,126.65,127.03,125.3201,126.85,4802106,127.58800000000008,40.713666174849735
2016-06-03,126.42,127.58,125.95,127.38,5484669,127.20200000000008,42.67802687701626
2016-06-06,127.6,132.08,127.45,131.9,6995916,127.73800000000008,56.05182435665196
2016-06-07,132.41,133.39,131.82,131.93,4423983,128.89400000000006,56.12499187487131
2016-06-08,132.52,133.53,132.04,133.0,3883726,130.21200000000007,58.762061667730826
2016-06-09,132.1,133.82,131.92,133.1,3811169,131.46200000000007,59.0100224513932
2016-06-10,131.76,132.12,130.37,131.14,3828593,132.21400000000008,52.36402959997305
2016-06-13,130.79,131.51,129.88,129.92,3645024,131.81800000000007,48.68827176386864
2016-06-14,129.63,130.5999,128.5,130.5,3716959,131.53200000000007,50.46839108329119
2016-06-15,130.88,131.765,129.97,130.16,3324652,130.96400000000006,49.3867613305096
2016-06-16,129.32,129.89,126.9,129.37,4066106,130.21800000000005,46.8730509125321
2016-06-17,129.83,129.99,128.81,129.82,6739624,129.95400000000006,48.481610243315224
2016-06-20,131.36,133.9,131.21,132.75,4331887,130.52000000000007,57.503802364113206
2016-06-21,133.19,133.28,131.485,131.52,2841040,130.72400000000007,53.2851102278227
2016-06-22,132.1,133.16,131.58,131.77,2640944,131.04600000000008,54.023418155074566
2016-06-23,133.91,134.55,132.73,133.55,4113696,131.8820000000001,58.99284722625213
2016-06-24,128.14,129.39,126.21,126.52,9706240,131.22200000000007,40.41391513688307
2016-06-27,125.68,125.75,122.35,122.7,6251280,129.21200000000007,34.124865047811284
2016-06-28,124.5,124.76,122.7,123.89,4437983,127.68600000000008,37.393324153451466
2016-06-29,125.49,127.315,124.16,126.99,4916718,126.73000000000009,45.04301450919574
2016-06-30,127.08,129.87,127.08,129.87,4110845,125.9940000000001,51.02951587296368
2016-07-01,129.54,130.34,129.16,129.69,3247885,126.62800000000011,50.6580971806817
2016-07-05,128.43,129.0,126.63,126.97,4828971,127.48200000000011,45.29325530452975
2016-07-06,127.25,127.31,123.96,126.96,3981574,128.09600000000012,45.274271847358
2016-07-07,126.92,128.17,126.26,127.17,3050067,128.13200000000012,45.78812635082852
2016-07-08,128.6,130.46,127.66,130.09,3597822,128.1760000000001,52.47089592016312
2016-07-11,130.84,133.25,130.8,132.04,3929575,128.6460000000001,56.341406448221754
2016-07-12,132.8,133.0,130.33,130.81,4317968,129.41400000000007,53.388101545006464
2016-07-13,131.28,131.39,129.37,130.11,3061397,130.04400000000007,51.72633532979014
2016-07-14,131.63,131.9175,130.2,131.55,3979813,130.9200000000001,54.84038015820858
2016-07-15,131.8,132.75,131.45,132.39,2940790,131.38000000000008,56.59917060199401
2016-07-18,132.38,133.89,131.95,133.43,3338398,131.65800000000007,58.741639484732694
2016-07-19,132.91,135.67,132.83100000000002,134.66,3390031,132.42800000000005,61.18227553784207
2016-07-20,134.55,135.18,134.04,134.72,2669691,133.35000000000008,61.30253089720082
2016-07-21,134.76,134.98,133.03,133.53,2853331,133.74600000000004,57.49794753707308
2016-07-22,131.75,133.49,130.57,133.47,4844935,133.96200000000005,57.30483567873863
2016-07-25,133.18,133.3016,132.38,132.94,3078497,133.86400000000003,55.53065161839267
2016-07-26,132.9,134.97,132.51,134.85,4666760,133.90200000000004,60.30079459942949
2016-07-27,136.14,139.45,135.71,135.96,5657810,134.15000000000003,62.79830687778067
2016-07-28,135.4,135.86,132.55,133.01,5142388,134.04600000000005,53.21634233142238
2016-07-29,133.05,133.8,132.3,133.66,3559058,134.08400000000003,54.85101441466643
2016-08-01,133.21,134.23,132.7,133.21,3067127,134.13800000000006,53.458383175747294
2016-08-02,132.95,133.4,131.35,131.6,3156760,133.48800000000006,48.69481650173164
2016-08-03,131.77,132.4491,131.62,131.87,2359275,132.67000000000004,49.50739767229038
2016-08-04,132.0,132.55,130.955,131.21,3009006,132.31000000000006,47.52586869470452
2016-08-05,132.21,132.44,131.01,131.73,3120136,131.92400000000006,49.24938628111112
2016-08-08,132.14,132.95,131.75,132.19,2443769,131.72000000000008,50.78920644123808
2016-08-09,132.73,132.99,132.23,132.63,3013939,131.92600000000007,52.28063643851211
2016-08-10,132.1,133.53,131.71,132.28,2642249,132.00800000000007,50.95766022638214
2016-08-11,132.85,133.56,132.3,133.0,2275674,132.36600000000004,53.56106987903888
2016-08-12,132.9,133.78,132.63,133.1,2522523,132.64000000000004,53.92689288779548
2016-08-15,133.7,135.0,133.55,134.66,2812634,133.13400000000007,59.31167248438916
2016-08-16,134.15,135.21,133.4,135.0,2759206,133.60800000000006,60.39803839889165
2016-08-17,134.85,134.99,134.111,134.72,2854630,134.09600000000006,59.000933633873956
2016-08-18,134.72,135.96,134.53,135.0,2030826,134.49600000000007,59.997436711567175
2016-08-19,134.5,135.0,133.84,134.44,1922645,134.76400000000007,57.01279836565215
2016-08-22,134.3,135.67,133.84,134.99,2520722,134.83000000000007,59.161556553629126
2016-08-23,135.32,136.37,133.6414,134.14,3481863,134.65800000000007,54.617718498752296
2016-08-24,134.01,134.65,133.07,133.29,2133381,134.37200000000004,50.44529305297597
2016-08-25,133.3,133.3,132.42,132.98,1921322,133.96800000000005,48.97581155186363
2016-08-26,133.5,134.08,131.82,132.23,1973740,133.52600000000007,45.52088792415956
2016-08-29,132.72,133.58,132.32,132.9,2380035,133.10800000000006,48.983215206355084
2016-08-30,133.19,133.44,130.68,130.81,3437290,132.44200000000006,40.36529620736179
2016-08-31,130.83,130.83,129.14,129.45,3639176,131.67400000000006,35.93484279352951
2016-09-01,130.03,130.03,128.36,129.9,2807237,131.05800000000005,38.346181935403116
2016-09-02,130.89,131.96,130.58,131.16,2631047,130.84400000000005,44.63039030165338
2016-09-06,131.63,132.99,131.27,132.99,4151796,130.86200000000005,52.24389660794471
2016-09-07,132.48,133.08,132.0,132.64,2198386,131.22800000000007,50.8050265660769
2016-09-08,132.32,132.91,131.51,132.9,2618307,131.91800000000006,51.865578052017106
2016-09-09,131.94,131.94,128.52,128.53,4892944,131.64400000000006,37.307598788564206
2016-09-12,126.87799999999999,130.68,126.31,130.12,6381112,131.4360000000001,43.5194515072002
2016-09-13,129.22,130.02,128.26,128.76,4552399,130.5900000000001,39.87960122452627
2016-09-14,128.91,129.31,127.34,127.67,3955392,129.59600000000006,37.194555112616776
2016-09-15,127.57,128.46,126.9356,127.77,3476584,128.57000000000008,37.60958274905352
2016-09-16,127.71,127.71,126.34,126.7,8035566,128.2040000000001,34.94839555818484
2016-09-19,127.5,128.3,127.27,127.48,3168098,127.67600000000009,38.37175288543376
2016-09-20,127.95,128.5,127.57,127.79,2639279,127.48200000000008,39.729291805109845
2016-09-21,128.18,130.63,128.18,130.56,3227758,128.06000000000012,50.27047865822162
2016-09-22,131.45,132.48,131.17,131.87,3252392,128.8800000000001,54.337866847784625
2016-09-23,131.25,132.2871,131.01,131.78,2330320,129.8960000000001,54.01102350130029
2016-09-26,131.07,131.58,130.43,130.57,2219885,130.51400000000007,49.684074176123225
2016-09-27,130.29,131.74,129.86,131.32,1939020,131.22000000000008,52.23819093325671
2016-09-28,131.59,132.36,130.59,132.23,1769529,131.5540000000001,55.20910333792781
2016-09-29,131.8,132.78,130.68,131.03,2199245,131.38600000000008,50.72803415827692
2016-09-30,132.09,132.63,131.2701,131.74,3117139,131.3780000000001,53.150924539237394
2016-10-03,131.28,132.72,130.74,132.38,2435765,131.7400000000001,55.2853923454631
2016-10-04,132.77,133.2313,131.69,132.25,2829188,131.9260000000001,54.739835345539596
2016-10-05,132.93,134.9,132.55,134.66,3137532,132.4120000000001,62.188981366780915
2016-10-06,134.83,135.0,133.68,134.42,3614860,133.0900000000001,61.11032323619124
2016-10-07,133.93,134.66,132.54,133.85,4299180,133.5120000000001,58.51445960422889
2016-10-10,134.589,136.87,134.589,135.84,3343271,134.20400000000012,64.2276383284683
2016-10-11,134.94,135.69,133.27,133.74,3606630,134.50200000000012,55.53591502898871
2016-10-12,133.76,134.28,133.0,133.16,2264188,134.2020000000001,53.38703046594993
2016-10-13,132.42,133.93,131.39,133.38,3544190,133.9940000000001,54.11232528613334
2016-10-14,134.56,135.25,133.48,133.5,2317429,133.92400000000012,54.527944521982164
2016-10-17,133.5,135.38,133.33,134.0,2435134,133.5560000000001,56.30383568460038
2016-10-18,135.03,135.74,134.915,135.1,2271047,133.82800000000012,60.00458238045184
2016-10-19,135.33,136.95,135.33,136.18,573931,134.43200000000013,63.29177520616797
2016-10-20,135.73,136.75,135.5,135.84,652200,134.92400000000015,61.57597741776927
2016-10-21,134.72,136.19,134.25,135.63,2205772,135.35000000000014,60.48530640004863
2016-10-24,136.41,138.88,136.41,137.45,3814097,136.04000000000013,66.09105384739544
2016-10-25,137.53,139.42,137.35,139.02,5206695,136.82400000000013,70.03958590646225
2016-10-26,138.43,146.19,136.72,145.54,13270976,138.69600000000014,80.29930624010262
2016-10-27,145.83,146.23,141.78,143.31,7857081,140.1900000000001,71.30533147258862
2016-10-28,143.72,144.0,142.1745,143.01,4636040,141.6660000000001,70.16672885705265
2016-10-31,143.05,143.35,142.15,142.43,3075889,142.66200000000012,67.90901435150342
2016-11-01,142.95,143.9,141.81,142.41,3244997,143.34000000000012,67.82796803426501
2016-11-02,142.0,142.87,140.59,140.75,2781915,142.38200000000012,61.289789660131305
2016-11-03,140.76,140.895,139.35,140.02,2277503,141.7240000000001,58.61401884202331
2016-11-04,139.11,140.85,138.8038,139.54,2951457,141.03000000000011,56.856327369342054
2016-11-07,141.5,143.1,141.49,143.03,3228202,141.1500000000001,65.06037630815787
2016-11-08,141.92,143.31,141.2924,142.2,2822675,141.10800000000012,62.03894395185447
2016-11-09,141.6,145.85,141.54,145.09,5494382,141.9760000000001,67.66907902992492
2016-11-10,146.51,149.34,146.39,147.69,6507346,143.51000000000013,71.73116105681979
2016-11-11,147.12,148.6,146.56,148.52,3585163,145.30600000000013,72.90163856268568
2016-11-14,148.21,150.09,148.21,149.99,4490877,146.69800000000015,74.88504378098807
2016-11-15,148.44,149.45,147.19,148.11,3856601,147.88000000000017,68.0273631509975
2016-11-16,147.3,148.41,146.14,146.44,3553694,148.15000000000015,62.54789773370386
2016-11-17,146.83,147.12,145.0,145.33,3655624,147.67800000000017,59.13821510799349
2016-11-18,145.18,146.6,144.46,146.35,2214419,147.24400000000017,61.22973447725536
2016-11-21,147.21,148.49,146.52,147.02,2825906,146.65000000000015,62.584473777431356
2016-11-22,147.9,149.76,147.88,149.52,3770002,146.93200000000016,67.19124452400959
2016-11-23,149.61,150.81,149.03,149.74,3070099,147.59200000000016,67.56965544446376
2016-11-25,150.0,150.15,149.03,150.04,962387,148.53400000000013,68.10980538329065
2016-11-28,149.0,150.09,148.315,149.77,4728764,149.21800000000013,67.02776198417268
2016-11-29,149.83,152.11,149.11,151.64,3945317,150.1420000000001,70.52087153450032
2016-11-30,151.59,153.08,150.56,150.56,3990972,150.35000000000014,66.16138632143125
2016-12-01,150.74,152.69,150.39,152.39,2843930,150.88000000000014,69.5916138452371
2016-12-02,152.45,152.49,151.12,152.25,2105571,151.32200000000014,69.01522324264346
2016-12-05,153.24,153.75,151.85,152.16,2855946,151.80000000000013,68.62174484215127
2016-12-06,150.84,152.64,150.02,152.24,3476254,151.92000000000013,68.79206778610319
2016-12-07,151.67,154.31,151.0701,154.14,2955753,152.63600000000014,72.59656804998649
2016-12-08,154.6,155.97,154.14,155.39,2928370,153.23600000000016,74.77528119463022
2016-12-09,155.65,156.875,155.42,156.49,2707872,154.08400000000015,76.54270379706529
2016-12-12,156.0,158.0,154.3,157.16,4247679,155.08400000000015,77.57343093322308
2016-12-13,159.1,160.07,154.88,156.66,5650374,155.96800000000013,74.92745067513582
2016-12-14,156.23,156.37,154.18,154.47,3640207,156.03400000000016,64.54304091639685
2016-12-15,153.93,155.24,153.06,153.77,2889324,155.71000000000015,61.60411142818063
2016-12-16,153.88,156.0,153.14,154.5,5885499,155.31200000000015,63.47209892413122
2016-12-19,155.16,157.1,155.07,156.18,3002737,155.11600000000016,67.4025627623104
2016-12-20,156.96,157.89,155.95,156.39,2270137,155.06200000000015,67.86798987465323
2016-12-21,156.6883,158.5,156.65,157.48,2326366,155.66400000000016,70.24291788997203
2016-12-22,158.5,158.99,156.25,157.46,3955251,156.40200000000016,70.14047791652104
2016-12-23,158.27,158.27,156.51,157.81,2135528,157.06400000000016,70.93920271862685
2016-12-27,158.41,158.48,156.91,157.48,1858139,157.32400000000015,69.06337606959988
2016-12-28,157.12,157.35,156.01,156.1,1810021,157.26600000000016,61.71415948165398
2016-12-29,156.0,156.75,155.16,155.69,1803955,156.9080000000002,59.68214354932138
2016-12-30,156.49,156.79,154.96,155.68,2028362,156.5520000000002,59.63057177297315
2017-01-03,156.3,157.14,155.21,156.97,3426113,156.38400000000019,63.95729796733678
2017-01-04,157.81,159.2299,157.81,158.62,3189810,156.6120000000002,68.5938992535086
2017-01-05,158.41,159.7,157.401,158.71,2794384,157.13400000000019,68.82944226944953
2017-01-06,158.98,159.66,157.89,159.1,2426662,157.8160000000002,69.88350725542492
2017-01-09,159.0,159.24,158.17,158.32,2838600,158.3440000000002,65.13912764122514
2017-01-10,158.96,159.94,158.57,159.07,2988302,158.76400000000018,67.42888128014945
2017-01-11,159.54,159.7,158.28,159.4,2416487,158.92000000000016,68.41200884892334
2017-01-12,159.15,159.16,156.67,158.29,3020336,158.83600000000015,61.669222561132855
2017-01-13,158.74,159.58,158.34,158.83,2435391,158.78200000000015,63.551329137096175
2017-01-17,158.2,159.04,157.23,157.67,2758788,158.65200000000013,57.068803214766454
2017-01-18,157.55,159.05,156.75,158.32,2087283,158.50200000000012,59.55817855061168
2017-01-19,158.87,159.87,157.91,159.0,3143963,158.42200000000014,62.03814096348342
2017-01-20,159.81,160.3,158.23,159.53,3343475,158.67000000000013,63.89644186132173
2017-01-23,158.94,159.5,157.29,157.84,3929835,158.47200000000015,54.70124024445687
2017-01-24,158.58,160.93,157.84,160.55,3927536,159.04800000000017,63.71787647372759
2017-01-25,163.59,168.65,163.24,167.36,7480039,160.85600000000017,76.41977590154276
2017-01-26,167.25,170.0,167.25,169.12,5436834,162.88000000000017,78.51337892294492
2017-01-27,169.21,169.8,167.01,167.7,4883229,164.51400000000018,72.89027203174466
2017-01-30,165.92,165.99,163.82,165.57,5456015,166.06000000000014,65.33181205918217
2017-01-31,164.96,165.1,163.22,163.42,5350186,166.63400000000016,58.71352717523423
2017-02-01,164.25,165.81,163.12,163.97,3137956,165.95600000000016,59.834469264209496
2017-02-02,163.22,163.97,160.82,162.26,3791669,164.58400000000015,54.84840889747048
2017-02-03,162.99,163.56,162.31,162.4,2981662,163.52400000000017,55.17772772998867
2017-02-06,162.42,164.08,162.38,163.98,3110479,163.2060000000002,58.827490070227604
2017-02-07,165.0,167.4199,164.8725,166.5,4243139,163.82200000000017,63.87938173599565
2017-02-08,165.0,165.24,163.69,163.81,3039106,163.7900000000002,55.98282247585271
2017-02-09,164.67,165.08599999999998,164.06,164.28,3451132,164.1940000000002,56.98338377558991
2017-02-10,165.25,166.45,164.47,166.23,2689719,164.9600000000002,60.94953406283869
2017-02-13,166.45,169.07,166.35,168.03,3765027,165.77000000000018,64.22819394280938
2017-02-14,167.7,168.8,167.22,168.5,2580278,166.1700000000002,65.053256530367
2017-02-15,168.42,169.95,168.35,169.3,4033198,167.2680000000002,66.47083020534544
2017-02-16,169.64,170.81,168.75,170.81,3070147,168.5740000000002,69.02484853580471
2017-02-17,170.41,173.25,170.4,172.71,4982357,169.8700000000002,71.92295263671903
2017-02-21,173.92,176.17,173.68,175.56,4231619,171.3760000000002,75.60933313331621
2017-02-22,174.98,175.75,174.01,175.36,2832136,172.74800000000022,74.86647492070384
2017-02-23,175.97,177.0,175.7,176.86,3502645,174.26000000000028,76.71431935076944
2017-02-24,176.75,178.8,176.1,177.44,4197017,175.5860000000003,77.40603232506331
2017-02-27,178.0,179.8839,177.55,179.43,2892459,176.9300000000003,79.64068444844925
2017-02-28,180.34,181.93,179.67,180.23,4785045,177.86400000000032,80.476659181306
2017-03-01,181.85,184.8,181.82,183.91,5461751,179.57400000000032,83.7766518863096
2017-03-02,184.0,185.71,182.97,182.99,4907000,180.8000000000003,80.1301255119543
2017-03-03,183.04,183.58,181.45,182.18,3940363,181.74800000000027,76.95419821749609
2017-03-06,181.4,182.3,180.43,180.93,4244029,182.0480000000003,72.19851753554875
2017-03-07,180.64,182.84,180.6209,182.02,2451960,182.40600000000026,73.72344757873513
2017-03-08,182.4,182.69400000000002,181.49,181.74,2321738,181.97200000000026,72.62149384392045
2017-03-09,181.43,182.59,179.58,180.57,3100466,181.48800000000028,68.0446684831529
2017-03-10,181.9,181.97,177.92,178.7,4595371,180.7920000000003,61.385702152347406
2017-03-13,177.16,179.19,177.07,179.05,3499021,180.41600000000025,62.132647421591045
2017-03-14,178.54,179.69,177.71,178.73,2346666,179.75800000000027,60.971377274915675
2017-03-15,179.0,179.24,177.97,178.71,3569047,179.15200000000027,60.89477209925308
2017-03-16,179.8199,180.0,177.64,178.19,3100744,178.6760000000003,58.82532433294536
2017-03-17,178.31,180.3835,178.17,180.1,5037385,178.95600000000027,63.70445539223944
2017-03-20,180.1,180.15,179.14,179.39,2062211,179.02400000000029,60.81933697431363
2017-03-21,179.99,180.25,175.5,175.96,3239579,178.4700000000003,49.22166997485142
2017-03-22,175.96,177.1,175.5,176.98,2505738,178.1240000000003,52.144170113645636
2017-03-23,177.34,177.85,176.59,177.26,2006383,177.93800000000027,52.944790022211436
2017-03-24,176.85,177.53,174.7687,175.82,2386769,177.08200000000028,48.45506391225603
2017-03-27,174.37,176.44,173.75,176.1,2750685,176.42400000000026,49.354392961022945
2017-03-28,176.29,177.683,175.0,177.36,2412559,176.70400000000026,53.30278940833169
2017-03-29,177.4,177.99,176.97,177.63,1640601,176.8340000000003,54.12807420936494
2017-03-30,177.25,178.49,177.22,177.98,1737221,176.9780000000003,55.23256992411548
2017-03-31,178.02,178.18,176.81,176.86,2032749,177.1860000000003,51.000740033732555
2017-04-03,177.08,177.73,175.5,176.65,2933653,177.2960000000003,50.22372781038187
2017-04-04,176.88,178.79,176.76,178.7,2326394,177.56400000000028,57.09556429636044
2017-04-05,179.0,180.18,176.89,177.08,2567212,177.4540000000003,51.092741889813105
2017-04-06,177.56,178.22,177.12,177.37,2343873,177.33200000000028,52.06432430441851
2017-04-07,178.39,179.09,177.26,178.85,2806779,177.73000000000027,56.78289437196272
2017-04-10,179.0,179.97,177.48,177.56,2309273,177.9120000000003,51.98002558396202
2017-04-11,177.5,178.6,176.96,178.57,2265743,177.88600000000028,55.17673411274421
2017-04-12,178.25,178.25,175.94,176.05,2922725,177.68000000000026,46.80464370769364
2017-04-13,175.74,176.88,175.5639,175.62,2024086,177.33000000000027,45.53501708592247
2017-04-17,175.84,179.08,175.65,179.02,2450222,177.3640000000003,55.75492833449657
2017-04-18,178.59,179.97,177.12,177.85,2960165,177.4220000000003,52.12992445073539
2017-04-19,178.47,179.9,178.16,178.4,2124533,177.38800000000032,53.65533407208143
2017-04-20,178.74,179.82,178.34599999999998,179.3,2335176,178.03800000000032,56.11943817135644
2017-04-21,179.42,180.93,179.42,180.38,3146556,178.9900000000003,58.94065971653764
2017-04-24,181.75,182.46,181.61,182.06,3141913,179.59800000000033,62.93295941135871
2017-04-25,182.53,183.85,182.53,183.51,3719430,180.7300000000003,66.00527681785204
2017-04-26,182.31,183.0,180.11,181.71,4464081,181.3920000000003,59.42101052240418
2017-04-27,182.59,183.76,182.59,183.22,3125166,182.1760000000003,62.77564380381006
2017-04-28,183.42,184.93,183.02,184.83,2171688,183.0660000000003,66.00280407047048
2017-05-01,184.23,184.485,181.8,182.39,3511947,183.1320000000003,57.821354904640685
2017-05-02,182.54,183.91,182.53,183.44,1965118,183.1180000000003,60.11268075615065
2017-05-03,183.45,183.75,182.25,183.39,2809931,183.45400000000026,59.94568035573847
2017-05-04,183.33,184.25,182.18,183.07,2238916,183.42400000000026,58.81942505276315
2017-05-05,183.16,185.07,183.16,185.01,2619262,183.46000000000024,63.31886219232226
2017-05-08,185.38,186.39,185.0,186.02,1963400,184.18600000000026,65.43620662101154
2017-05-09,186.11,187.205,186.05,186.91,2844172,184.88000000000025,67.23119888303344
2017-05-10,185.14,185.65,178.18,183.18,6869552,184.83800000000025,54.46498592635583
2017-05-11,182.9,184.33,182.17,183.94,2837184,185.01200000000026,56.28635393606533
2017-05-12,183.71,183.98,182.63,183.25,3456396,184.66000000000025,54.16792166400531
2017-05-15,183.3,184.11,182.28,182.39,3357027,183.93400000000028,51.563062690429255
2017-05-16,182.73,183.15,182.04,182.7,2152988,183.0920000000003,52.450697087373555
2017-05-17,181.39,181.52,178.68,178.78,2494001,182.2120000000003,41.97549651750085
2017-05-18,178.48,178.5,175.47099999999998,177.4,3104899,180.9040000000003,39.020976613071554
2017-05-19,177.73,181.42,176.77,180.76,4018267,180.40600000000032,48.52176417924448
2017-05-22,183.78,185.32,182.52,183.67,2939028,180.66200000000032,55.05330047438454
2017-05-23,184.0,184.46,182.86,183.49,2101615,180.8200000000003,54.59189361369492
2017-05-24,183.46,185.4,183.46,185.25,2424684,182.11400000000032,58.27428013002949
2017-05-25,185.63,187.42,185.59,187.07,2296948,184.0480000000003,61.73043291770328
2017-05-26,186.73,187.605,186.27,186.59,1728729,185.2140000000003,60.31155779559063
2017-05-30,186.76,187.42,186.19,186.88,2104970,185.85600000000034,60.89635267687717
2017-05-31,187.37,188.26,186.72,187.63,4927182,186.68400000000034,62.4378333831538
2017-06-01,187.41,187.91,184.53,187.32,2856844,187.09800000000033,61.36112217673085
2017-06-02,187.82,191.7,187.6499,190.23,3031959,187.73000000000033,67.0970336575918
2017-06-05,190.07,190.74,188.81,188.95,2420693,188.20200000000034,62.68875305571162
2017-06-06,188.41,188.86,186.685,186.75,2719780,188.17600000000033,55.89184003365867
2017-06-07,186.85,188.54,186.3926,188.1,2383451,188.27000000000032,58.84090074933919
2017-06-08,188.1,191.07,187.7,189.93,2331276,188.79200000000031,62.50095087263267
2017-06-09,190.0,190.99,189.25,190.03,3342515,188.75200000000032,62.69616365966543
2017-06-12,190.3,190.53,188.05,190.0,2727957,188.9620000000003,62.59089354495444
2017-06-13,190.05,191.56,189.35,191.09,1879045,189.8300000000003,64.8970943634742
2017-06-14,191.05,193.38,190.81900000000002,192.38,2197051,190.68600000000032,67.45427623418998
2017-06-15,191.43,195.55,191.37,195.45,2886533,191.79000000000028,72.57467398029112
2017-06-16,196.01,197.95,195.81,196.44,6919311,193.0720000000003,73.99549650165538
2017-06-19,197.88,199.47,197.0,199.08,2506813,194.8880000000003,77.36335279265685
2017-06-20,198.75,201.24,198.31,198.33,3071684,196.33600000000027,74.41481687478586
2017-06-21,199.58,199.71,197.56,199.17,3089618,197.69400000000024,75.53927471205873
2017-06-22,199.25,200.40900000000002,199.18,199.44,3336550,198.49200000000025,75.90582691448925
2017-06-23,199.26,202.35,198.68,202.23,4159432,199.65000000000023,79.34950190782678
2017-06-26,202.77,204.39,199.94,199.98,3075601,199.8300000000002,70.5875433138934
2017-06-27,199.8,200.92,198.89,198.89,2295003,199.9420000000002,66.74260975844378
2017-06-28,199.5,200.95,199.3,199.62,2086085,200.0320000000002,67.99978191974094
2017-06-29,199.62,199.755,196.45,197.46,2406937,199.6360000000002,60.689476006151494
2017-06-30,198.5,199.44,197.3901,197.75,2205468,198.74000000000018,61.29115817177958
2017-07-03,198.07,199.44,197.75,198.59,1511163,198.46200000000016,63.055078734035504
2017-07-05,199.3,202.14,198.86,201.81,2713582,199.04600000000016,68.90466731742345
2017-07-06,201.64,202.49,200.78,201.48,2724375,199.41800000000015,67.72124899883498
2017-07-07,202.24,203.28,201.26,202.37,3014423,200.40000000000015,69.25489920960446
2017-07-10,202.32,204.58,202.19,203.96,2700875,201.64200000000014,71.82996747311734
2017-07-11,204.0,206.66,204.0,206.27,2674019,203.17800000000014,75.09374663982851
2017-07-12,206.95,208.61,206.32,206.44,2796411,204.10400000000013,75.32036431856216
2017-07-13,206.8,207.0,205.35,206.23,1925288,205.05400000000014,74.41956598381478
2017-07-14,206.7979,208.73,206.74,208.51,3221699,206.28200000000015,77.55777147942081
2017-07-17,208.73,209.72,208.56,209.0,2414985,207.29000000000013,78.17739234052637
2017-07-18,209.11,209.19,207.53,208.24,1942338,207.68400000000014,74.73101271686642
2017-07-19,209.43,210.93,208.99,210.88,2253923,208.57200000000012,78.30827682502056
2017-07-20,211.1,211.25,209.9189,210.28,2220973,209.38200000000012,75.68581212789191
2017-07-21,209.99,212.2014,209.41,212.14,2080400,210.10800000000012,78.13082302695366
2017-07-24,212.0,212.64,211.4,212.18,2388269,210.74400000000014,78.18163603952877
2017-07-25,213.22,214.0,211.95,212.46,2855107,211.58800000000014,78.55721938876222
2017-07-26,223.48,233.98,223.02,233.45,14104950,216.10200000000015,91.02702515902709
2017-07-27,237.13,242.68,236.7,241.0,10854995,222.24600000000015,92.67671939952244
2017-07-28,240.82,242.0,238.55,241.27,4514451,228.07200000000012,92.72820786634381
2017-07-31,241.85,246.49,241.82,242.46,5760587,234.1280000000001,92.9630398555377
2017-08-01,243.38,243.99099999999999,239.155,239.44,4999836,239.52400000000011,85.42361188854535
2017-08-02,239.06,241.56,237.88,237.95,5071811,240.42400000000012,81.89464492456383
2017-08-03,237.06,239.59,236.04,238.25,5110027,239.8740000000001,82.05538474663612
2017-08-04,238.58,239.73,236.38,237.71,5579759,239.16200000000012,80.66712665647508
2017-08-07,237.6,241.43,237.21,240.23,3654386,238.71600000000012,82.18211966641195
2017-08-08,239.91,240.52,238.93,239.5,3930793,238.72800000000012,80.2209770676538
2017-08-09,238.01,238.7,234.1,234.31,5672244,238.00000000000009,67.82813556521802
2017-08-10,234.03,236.16,231.91,232.88,6806260,236.9260000000001,64.85522868491496
2017-08-11,232.76,235.4,230.94,234.88,3460250,236.36000000000013,67.03167026028845
2017-08-14,236.01,237.48,235.72,237.15,2943878,235.74400000000014,69.35159906349764
2017-08-15,237.21,239.64,236.01,239.17,2819948,235.67800000000017,71.28781650598827
2017-08-16,239.7,240.26,237.41,237.59,2998484,236.33400000000015,67.68588995830656
2017-08-17,237.38,237.6,235.25,235.59,2668021,236.87600000000012,63.324274678901226
2017-08-18,235.0,237.26,234.5664,235.77,2839831,237.0540000000001,63.55191600561546
2017-08-21,235.77,236.94,234.35,235.68,2530139,236.76000000000008,63.34022292068172
2017-08-22,236.16,239.89,236.11,239.75,2862546,236.87600000000006,68.45721396080637
2017-08-23,239.36,239.36,237.19,238.09,2514632,236.97600000000006,64.50263153533682
2017-08-24,238.52,238.9,236.6,238.74,2538104,237.60600000000008,65.34677264597555
2017-08-25,239.0,239.09,235.6,235.89,2069412,237.6300000000001,58.74984385445966
2017-08-28,236.22,237.5547,234.611,237.18,2354520,237.93000000000012,60.6845305801852
2017-08-29,237.21,241.17,236.08,240.49,3528448,238.07800000000012,65.19525668426269
2017-08-30,240.99,241.44,239.0,240.46,2785774,238.55200000000013,65.12232926220824
2017-08-31,241.0,241.1,238.41,239.66,3062141,238.73600000000016,63.09545705090697
2017-09-01,239.66,242.53,239.17,240.33,3270681,239.62400000000017,64.10313659902825
2017-09-05,240.3,240.36,236.23,237.0,3866633,239.58800000000014,55.92913316853307
2017-09-06,237.53,237.8564,234.34,234.62,4006934,238.41400000000016,50.930504030625976
2017-09-07,234.75,236.54,234.29,236.31,2980468,237.58400000000015,54.0696195754748
2017-09-08,235.75,239.39,235.21,238.78,3291877,237.40800000000013,58.271321748145816
2017-09-11,239.5,241.85,239.31,240.59,3596136,237.46000000000012,61.080979549097634
2017-09-12,240.59,241.7074,238.95,240.58,2700552,238.1760000000001,61.056519520945535
2017-09-13,240.0,243.48,237.09,241.93,4512081,239.6380000000001,63.19905667769635
2017-09-14,243.0,245.61,242.5,245.23,4983744,241.4220000000001,67.85466476049311
2017-09-15,247.36,249.95,246.21,249.0,8951477,243.46600000000012,72.18402602760702
2017-09-18,249.97,253.7875,248.91,253.08,5190876,245.9640000000001,75.95785771953257
2017-09-19,253.08,255.17,251.63099999999997,252.46,4119501,248.34000000000015,74.30802398913872
2017-09-20,253.26,256.6924,252.25,255.46,3727586,251.04600000000013,76.92026118514616
2017-09-21,256.13,256.99,254.4239,256.04,2776390,253.20800000000014,77.39871460468217
2017-09-22,256.31,259.3,256.13,256.45,3325748,254.69800000000015,77.74985609162435
2017-09-25,256.97,256.97,251.5,254.32,3466052,254.94600000000014,71.53214309893818
2017-09-26,254.6,256.48,253.54,253.7,2171722,255.19400000000013,69.78279511913661
2017-09-27,255.27,258.77,253.97099999999998,255.28,3775372,255.15800000000013,71.68329467869229
2017-09-28,254.11,255.8,251.17,254.27,2569319,254.80400000000014,68.70839543854896
2017-09-29,253.85,255.26,252.59099999999998,254.21,2506896,254.35600000000014,68.52645588114983
2017-10-02,254.65,255.99,253.5301,255.99,2672350,254.69000000000014,70.98142922759504
2017-10-03,255.99,258.26,254.69,255.46,3160665,255.04200000000014,69.24939034841655
2017-10-04,256.12,257.13,254.07,255.76,3029931,255.13800000000015,69.70008701552851
2017-10-05,255.28,258.99,254.78,258.89,3908625,256.0620000000002,73.98432409760531
2017-10-06,258.0,258.9018,257.06,258.58,2637586,256.93600000000015,72.88513324302737
2017-10-09,259.0,259.0,257.11,258.39,2146140,257.4160000000001,72.17733282341977
2017-10-10,259.74,261.06,257.2,260.93,2738892,258.5100000000001,75.5900724355767
2017-10-11,261.32,261.65,259.02,261.44,2860910,259.64600000000013,76.22077306894582
2017-10-12,260.95,262.98,260.0,261.91,2574517,260.25000000000017,76.81529878561163
2017-10-13,262.9,263.79,260.74,260.74,2241523,260.6820000000002,71.99006701526133
2017-10-16,261.5,262.0,259.69,259.75,1803881,260.9540000000002,68.09241376370291
2017-10-17,256.49,259.05,256.26,258.62,2508284,260.49200000000013,63.843524532281016
2017-10-18,258.47,260.73,256.66,260.04,2050051,260.2120000000001,66.65898886872759
2017-10-19,258.98,259.1,256.03,259.04,2583242,259.6380000000001,62.94192275084239
2017-10-20,260.36,264.8272,259.44,264.75,3941030,260.4400000000001,72.40435698903077
2017-10-23,265.13,265.98,262.14,262.32,3299895,260.95400000000006,64.81898213453724
2017-10-24,263.24,267.21,263.24,266.0,4366377,262.4300000000001,69.95282146297441
2017-10-25,264.78,266.0,254.5,258.4,7314507,262.10200000000015,52.81243764411404
2017-10-26,259.72,261.44,257.31,259.27,3413776,262.14800000000014,54.1960319114073
2017-10-27,258.26,259.4994,255.8,256.46,2887175,260.4900000000001,49.180197085551384
2017-10-30,255.45,260.41,255.33,259.25,3022200,259.87600000000015,53.75644473913467
2017-10-31,259.34,259.93,257.47,257.98,2701839,258.27200000000016,51.483801070480915
2017-11-01,258.29,259.41,256.24,258.5,2908029,258.2920000000002,52.37167323282303
2017-11-02,258.31,263.24,258.0,262.63,2523030,258.9640000000002,58.817873980386736
2017-11-03,262.42,263.79,260.08,261.75,2600777,260.0220000000002,57.04620506945816
2017-11-06,262.62,265.84,262.5327,264.07,2909514,260.9860000000002,60.43018126020141
2017-11-07,264.07,267.28,264.07,266.13,3092379,262.61600000000016,63.202291237898834
2017-11-08,266.14,267.62,265.29,265.57,2841807,264.03000000000014,61.9321040725767
2017-11-09,265.01,266.75,259.5626,262.7,3214697,264.04400000000015,55.74843639916721
2017-11-10,262.11,262.5,259.6,260.85,1739394,263.86400000000015,52.13489274282687
2017-11-13,261.67,263.36,260.49,262.42,2604075,263.53400000000016,54.81182874307431
2017-11-14,262.0,262.4,260.2,261.76,2356038,262.66000000000014,53.45831343679388
2017-11-15,261.42,264.77,260.15,262.86,2435329,262.11800000000017,55.43359894024273
2017-11-16,263.76,265.04,263.34,263.7,2702303,262.31800000000015,56.93662699602374
2017-11-17,262.82,263.74,262.03,262.26,1714329,262.6000000000002,53.59938847998021
2017-11-20,263.0,265.6189,262.76,264.63,2402752,263.0420000000002,57.96620232569896
2017-11-21,266.24,267.0,264.71,266.99,2173081,264.0880000000002,61.81948683034242
2017-11-22,267.0,267.48,264.53,265.15,1470345,264.54600000000016,57.40129431887311
2017-11-24,265.26,266.57,264.5304,265.88,788945,264.9820000000002,58.66353534131826
2017-11-27,265.38,266.84,264.72,265.58,1762650,265.6460000000002,57.904190651074614
2017-11-28,267.0,268.01,265.23,267.99,1884886,266.3180000000002,62.143469713183876
2017-11-29,269.48,269.6807,266.15,269.3,3029095,266.7800000000002,64.25091821172592
2017-11-30,269.91,277.04,269.43,276.8,4820313,269.11000000000024,73.38582034672658
2017-12-01,277.51,278.73,270.6,271.38,4542736,270.2100000000002,61.212668800557395
2017-12-04,276.16,281.83,276.0,277.97,5489835,272.6880000000002,68.13399485360138
2017-12-05,279.01,279.44,274.86,275.54,2732255,274.1980000000002,63.6254555762196
2017-12-06,274.87,279.14,274.0046,278.27,2513180,275.99200000000025,66.32172277565807
2017-12-07,278.49,284.79,277.8,281.97,4250615,277.02600000000024,69.60966797944663
2017-12-08,285.01,287.32,283.56,285.9,4272499,279.9300000000002,72.66253857838902
2017-12-11,286.21,286.49,279.9,283.16,3916713,280.9680000000002,67.56634328167814
2017-12-12,288.16,292.8,287.72,289.94,5354004,283.84800000000024,72.67354098152995
2017-12-13,290.5,295.85,289.7,291.84,4971729,286.56200000000024,73.91323790103228
2017-12-14,292.64,296.82,292.6,293.88,3875904,288.9440000000002,75.21343660740332
2017-12-15,296.05,297.37,293.02,293.94,6735640,290.55200000000025,75.25250509163301
2017-12-18,295.08,297.14,294.52,296.14,2880662,293.1480000000002,76.7025289232324
2017-12-19,296.35,297.58,294.1809,297.25,2563712,294.6100000000002,77.42135969926713
2017-12-20,298.88,299.33,297.11,297.9,2493059,295.8220000000002,77.85230434548299
2017-12-21,298.04,298.3852,294.1301,295.03,4710630,296.05200000000013,71.3746069261186
2017-12-22,295.135,296.52,293.01,295.1,2247179,296.2840000000001,71.43703117974904
2017-12-26,295.54,297.44,294.65,295.36,1392455,296.12800000000016,71.68402912913916
2017-12-27,296.41,296.8,294.8,295.62,1300956,295.80200000000013,71.94529363513051
2017-12-28,295.81,296.99,294.74,296.35,1432444,295.4920000000001,72.70673871406969
2017-12-29,296.94,297.3,294.83,294.91,1813317,295.46800000000013,68.74316710436334
2018-01-02,295.75,296.99,295.39599999999996,296.84,2868711,295.8160000000001,71.02320416111883
2018-01-03,295.94,298.5,295.47,297.8,3194965,296.3040000000001,72.11288455405871
2018-01-04,297.94,298.42,295.47,296.67,4037238,296.5140000000001,68.8317107678823
2018-01-05,296.77,308.89,296.72,308.84,6034693,299.01200000000006,79.59832266051315
2018-01-08,308.66,310.86,305.75,310.15,3970351,302.06000000000006,80.38382210985594
2018-01-09,310.59,319.91,310.49,318.43,5546203,306.3780000000001,84.45718730371576
2018-01-10,317.49,322.15,315.5,320.26,4464683,310.8700000000001,85.18920690142963
2018-01-11,322.13,328.4,321.19,328.12,4625973,317.16000000000014,87.83853190995038
2018-01-12,330.38,336.88,330.38,336.21,6519424,322.6340000000001,89.85085240838161
2018-01-16,339.9,347.73,331.33,335.16,11811999,327.63600000000014,87.81976379235194
2018-01-17,337.73,352.23,336.41,351.01,9611675,334.15200000000016,91.09291968181815
2018-01-18,350.7,350.83,339.15,340.16,9334400,338.1320000000002,76.03081156950306
2018-01-19,341.67,344.0,335.75,337.73,7246898,340.0540000000002,73.11493939523312
2018-01-22,335.29,341.3812,332.04,338.0,6782420,340.41200000000015,73.23775219072105
2018-01-23,338.34,338.94,334.81,335.59,4509416,340.49800000000016,70.15710326813453
2018-01-24,336.2,338.99,334.14,334.69,4184181,337.23400000000015,68.99001529683964
2018-01-25,336.21,343.615,335.3,343.11,4590959,337.8240000000001,73.44136715476627
2018-01-26,344.33,345.98,341.25,343.22,5010995,338.92200000000014,73.49489566636451
2018-01-29,341.23,344.48,340.1,340.82,3270253,339.4860000000001,70.17178198945479
2018-01-30,339.17,339.98,334.16,337.71,4944713,339.91000000000014,66.00682343808879
2018-01-31,360.5,360.97,351.62,354.37,10858051,343.8460000000001,74.67751581410113
2018-02-01,352.95,361.45,352.04,356.94,6045074,346.6120000000001,75.70692338454407
2018-02-02,354.0,355.199,348.7,348.91,5375809,347.75000000000006,66.59721965469794
2018-02-05,342.67,350.0,317.39,328.88,10352051,345.362,50.32908445813988
2018-02-06,320.0,341.67,317.65,340.91,11866673,346.00200000000007,57.10620901000324
2018-02-07,340.52,353.59,339.87,348.12,7880944,344.75200000000007,60.577872933736685
2018-02-08,348.0,349.0,329.4,329.66,8262322,339.296,49.52554788108905
2018-02-09,333.55,337.81,319.25,332.83,8812106,336.08,51.17299676477003
2018-02-12,336.57,347.75,335.13,343.8,6804880,339.06399999999996,56.468160598801795
2018-02-13,340.45,347.8799,340.29,343.16,4021151,339.51399999999995,56.08601230548204
2018-02-14,341.34,347.43,341.17,344.85,4329442,338.85999999999996,56.91518301018266
2018-02-15,348.47,356.55,348.05,356.46,5808306,344.2199999999999,62.19608439215468
2018-02-16,356.59,359.5,353.5101,355.04,5205510,348.662,61.20791320670553
2018-02-20,352.0,357.79,351.4,353.35,4187459,350.572,59.986381206840214
2018-02-21,352.56,360.81,351.75,352.37,5236531,352.414,59.247975835222334
2018-02-22,354.65,358.07,352.64,355.92,3339918,354.628,61.11525150841216
2018-02-23,358.18,358.77,353.0668,356.66,3314255,354.66799999999995,61.51114854928969
2018-02-26,359.5,364.05,358.2123,363.48,4011405,356.35599999999994,65.04353202466618
2018-02-27,364.6,369.89,363.3,364.64,4705949,358.6139999999999,65.62146641587594
2018-02-28,366.8,371.6,362.21,362.21,5376929,360.582,63.26193149442939
2018-03-01,362.33,362.74,346.4,349.69,8977971,359.33599999999996,52.739840992118026
2018-03-02,341.82,346.09,335.3,344.67,10021332,356.938,49.205888284903615
2018-03-05,338.0,354.77,336.61,352.75,8140161,354.7919999999999,54.4916254951647
2018-03-06,354.24,355.21,346.0219,348.92,4888282,351.64799999999997,51.742998023637526
2018-03-07,341.52,348.4093,339.5,347.04,4575690,348.6139999999999,50.39914115908453
2018-03-08,349.51,352.5,343.95,348.73,4131914,348.4219999999999,51.615662585438635
2018-03-09,352.65,354.89,350.23,354.52,3446524,350.39199999999994,55.630700754314105
2018-03-12,355.2,355.23,343.26,344.19,6035101,348.67999999999995,47.98075434319236
2018-03-13,345.32,347.88,337.61,338.67,5409969,346.62999999999994,44.462245144907556
2018-03-14,339.7917,340.524,322.3,330.26,13034422,343.274,39.68713916718906
2018-03-15,332.3,332.92,322.91,329.98,8445126,339.524,39.534902587596406
2018-03-16,329.82,330.83,325.63,330.47,9167315,334.714,39.96888126574388
2018-03-19,327.45,333.33,326.78,331.76,5748501,332.22799999999995,41.166089418204
2018-03-20,331.84,339.7,331.0,337.63,6328835,332.02,46.40400660579347
2018-03-21,337.07,341.91,335.17,337.1,4046779,333.388,46.00574773574505
2018-03-22,330.11,332.68,319.01,319.61,7143279,331.31399999999996,35.25328032538667
2018-03-23,320.15,331.14,318.3216,321.0,7140310,329.41999999999996,36.52304087267516
2018-03-26,330.48,331.9399,323.59,328.97,5161206,328.86199999999997,43.37958550830343
2018-03-27,331.51,334.88,319.0,321.12,5296793,325.55999999999995,38.92033581166844
2018-03-28,321.85,323.24,311.17,320.02,5634676,322.14399999999995,38.32580361976269
2018-03-29,323.38,330.48,322.0,327.88,3652078,323.79799999999994,44.81290753017715
2018-04-02,325.2,329.9419,317.17,322.44,5024944,324.08599999999996,41.55504921226954
2018-04-03,324.76,331.1,323.09,330.82,4783125,324.45599999999996,47.8450979055139
2018-04-04,312.3,327.81,311.88,327.44,8235741,325.71999999999997,45.70831882493956
2018-04-05,330.59,338.9599,330.26,336.4,6219981,328.996,51.847582223027885
2018-04-06,330.61,334.59,322.21,326.12,5713613,328.64399999999995,45.49158326873604
2018-04-09,332.25,334.88,322.05,322.48,4931728,328.65199999999993,43.45998500685873
2018-04-10,331.35,336.69,329.55,334.83,5618139,329.45399999999995,51.39170580788067
2018-04-11,331.6,337.57,326.31,327.36,4573530,329.43799999999993,47.08874906553654
2018-04-12,331.98,338.35,330.46,337.48,4325027,329.6539999999999,52.84862232842519
2018-04-13,338.99,339.67,326.6,329.28,4733463,330.2859999999999,48.26397427274353
2018-04-16,332.34,333.22,327.625,331.77,3901401,332.1439999999999,49.691180195220916
2018-04-17,334.73,339.74,333.65,336.72,3381788,332.5219999999999,52.49666677093554
2018-04-18,338.33,342.4,337.18,341.0,3117476,335.2499999999999,54.84157630825048
2018-04-19,340.19,342.41,337.5,340.64,3006774,335.8819999999999,54.597448209581984
2018-04-20,340.73,341.3959,335.05,338.67,3038031,337.7599999999999,53.2017792954688
2018-04-23,339.55,341.26,336.0,338.84,2765647,339.17399999999986,53.31269072020391
2018-04-24,343.17,347.67,323.28,329.06,7051820,337.6419999999999,46.48691127783972
2018-04-25,338.12,344.91,330.5201,342.86,11019860,338.01399999999984,55.20256071128075
2018-04-26,344.01,345.65,338.33,342.79,5273622,338.44399999999985,55.15349067535746
2018-04-27,341.25,342.92,337.77,340.88,3390364,338.88599999999985,53.74953979777815
2018-04-30,341.17,342.58,333.4,333.56,3721638,337.82999999999987,48.63943478293709
2018-05-01,332.5,333.91,324.18,329.54,4313094,337.9259999999999,46.050116354605514
2018-05-02,329.5,330.71,323.98,324.19,3436125,334.1919999999999,42.78568287780023
2018-05-03,322.97,332.6348,319.125,330.69,6383211,331.77199999999993,47.6419729744452
2018-05-04,328.04,335.89,328.04,334.43,3655069,330.48199999999997,50.25813648300706
2018-05-07,335.23,342.98,335.21,340.43,4192224,331.856,54.21096046821341
2018-05-08,339.77,341.939,336.61,338.37,4014096,333.622,52.663582264366646
2018-05-09,339.49,346.93,338.575,344.5,4347023,337.684,56.630655089413004
2018-05-10,343.99,348.57,342.41,344.07,3920357,340.36,56.27438594289776
2018-05-11,343.77,345.415,341.0515,342.46,2332170,341.966,54.882190622465714
2018-05-14,344.0,347.74,343.89,344.59,2520267,342.798,56.41833362688889
2018-05-15,343.0,343.85,340.2647,342.12,3009053,343.54800000000006,54.11730594115209
2018-05-16,342.0,343.56,340.3,340.97,2230068,342.842,53.03280053407165
2018-05-17,340.47,344.77,340.25,344.14,2483301,342.856,55.66997942756569
2018-05-18,345.6,352.05,345.19,351.23,4327659,344.61,60.95109254443465
2018-05-21,358.46,365.0,358.45,363.92,6785369,348.47600000000006,68.24335405078264
2018-05-22,364.0,364.85,354.52,355.02,5389360,351.05600000000015,59.80761904923766
2018-05-23,352.28,359.6,351.62,359.21,4497516,354.7040000000001,62.177987706920995
2018-05-24,358.45,360.66,354.37,359.0,3932085,357.6760000000001,61.98069159127695
2018-05-25,358.12,360.6,357.05,360.09,2463737,359.44800000000015,62.64327799427441
2018-05-29,357.71,360.97,350.66,352.48,4249593,357.16000000000014,55.38589079850318
2018-05-30,355.65,358.92,354.1025,358.19,2825188,357.79400000000015,59.20489397661138
2018-05-31,356.83,356.83,351.62,352.16,4406277,356.3840000000001,53.95252248436395
2018-06-01,355.79,358.15,354.46,356.72,2657837,355.92800000000005,57.05522656939613
2018-06-04,358.97,363.3855,358.85,360.73,2950284,356.0560000000001,59.631217768675974
2018-06-05,360.5,363.37,358.85,360.1,2567758,357.5800000000001,59.03211235602298
2018-06-06,362.46,371.6,360.99,371.56,4488412,360.2540000000001,65.76924106544575
2018-06-07,372.0,374.48,366.05,368.53,4517844,363.528,62.82737509720107
2018-06-08,368.14,371.42,365.46,369.5,3292875,366.08400000000006,63.391910145760924
2018-06-11,371.0,373.3299,368.8,370.94,2468521,368.12600000000003,64.25967414641019
2018-06-12,371.24,372.725,367.99,370.62,2440354,370.23,63.89719873682995
2018-06-13,370.67,371.0,363.29,363.85,3867642,368.688,56.6204597763466
2018-06-14,366.15,367.64,358.827,362.42,4039532,367.466,55.19073255068704
2018-06-15,358.15,361.66,353.47,357.88,9945956,365.142,50.804548135292464
2018-06-18,353.19,357.645,352.37,354.74,3363221,361.90199999999993,47.965281338653526
2018-06-19,347.17,347.17,338.5732,341.12,6857338,356.00199999999995,38.03576836758372
2018-06-20,346.0,346.98,340.46,342.69,4539988,351.77,39.58826089230939
2018-06-21,341.15,341.15,336.1952,337.66,4048336,346.8179999999999,36.43833731710594
2018-06-22,340.43,340.94,336.6,338.91,3298084,343.0239999999999,37.76360836249208
2018-06-25,332.52,333.85,327.6,331.2,5006203,338.3159999999999,33.169721141087436
2018-06-26,332.39,334.4,330.48,331.3,3112387,336.35199999999986,33.28308460516965
2018-06-27,334.85,341.42,329.76,329.82,4574889,333.77799999999985,32.40692336682386
2018-06-28,330.0,337.54,327.29,334.65,3347973,333.1759999999998,38.13097855975653
2018-06-29,337.19,340.0,335.36,335.51,3154812,332.49599999999975,39.11956656686826
2018-07-02,330.69,336.325,329.32,336.08,2820817,333.47199999999975,39.80609057417768
2018-07-03,338.18,339.6888,332.0,332.93,1464360,333.7979999999998,37.30264582260432
2018-07-05,336.15,337.28,329.1,333.18,2427866,334.4699999999998,37.63786096311977
2018-07-06,332.84,336.1,330.45,334.64,2138162,334.46799999999973,39.666616073334666
2018-07-09,337.5,343.04,336.51,341.92,3128698,335.7499999999998,48.638955199482005
2018-07-10,342.78,348.0,342.78,347.16,3278253,337.9659999999998,53.94761301247059
2018-07-11,341.73,344.39,339.19,340.6,3056866,339.4999999999998,47.34944978347088
2018-07-12,345.28,346.6,342.7374,346.03,2030678,342.06999999999977,52.5254292193909
2018-07-13,347.0,351.24,346.2,350.79,2281610,345.29999999999984,56.557228972216045
2018-07-16,353.97,356.34,352.35,356.1,2889033,348.1359999999998,60.57917188498853
2018-07-17,357.61,359.0,355.04,356.88,2730514,350.0799999999998,61.14817490653638
2018-07-18,359.0,361.86,354.2638,360.23,3090089,354.00599999999986,63.57963953923519
2018-07-19,357.69,359.39,355.26,355.33,2711744,355.8659999999999,57.87433893592827
2018-07-20,353.04,356.99,353.0,354.9,1817836,356.6879999999998,57.387667227209036
2018-07-23,355.0,355.0,352.39,353.27,1943747,356.12199999999984,55.48302240544081
2018-07-24,356.75,359.47,354.64,358.27,3181965,356.3999999999998,59.88154394730852
2018-07-25,351.52,356.3,345.5,355.92,7353046,355.53799999999984,57.029456568037205
2018-07-26,355.38,360.2,355.27,359.32,3191189,356.3359999999999,59.99802464925227
2018-07-27,361.06,364.54,359.474,360.65,2916341,357.4859999999999,61.12926864390623
2018-07-30,361.99,362.45,350.47,351.06,3080445,357.04399999999987,50.12251278086821
2018-07-31,354.38,359.0225,354.06,356.3,2728366,356.6499999999999,54.900840627213455
2018-08-01,354.09,357.9103,350.5,352.76,2718206,356.01799999999986,51.3236231515385
2018-08-02,348.62,350.73,346.03,349.73,2655906,354.09999999999985,48.41573985938441
2018-08-03,349.5,350.99,345.67,348.44,2285202,351.6579999999998,47.18988143490078
2018-08-06,347.37,347.37,343.12,346.57,3251105,350.7599999999999,45.39554626630158
2018-08-07,348.05,352.12,345.5,350.76,2267560,349.65199999999993,49.98452631162459
2018-08-08,350.5,351.62,346.25,347.78,2334439,348.6559999999999,46.96166309798085
2018-08-09,346.07,346.84,343.12,343.72,2302126,347.4539999999999,43.13429630148439
2018-08-10,341.0,341.0,336.45,339.41,2745697,345.64799999999985,39.45786760343194
2018-08-13,339.6,342.15,337.34,338.36,1877248,344.0059999999999,38.5948308629266
2018-08-14,339.12,340.15,337.62,339.14,2017276,341.6819999999999,39.65081422436747
2018-08-15,336.57,337.1433,328.03,331.76,3798600,338.47799999999995,33.73888400802582
2018-08-16,339.06,347.72,338.3,345.98,5867939,338.92999999999995,49.39539938065431
2018-08-17,346.0,348.5,341.67,346.4,3069190,340.3279999999999,49.772892386535595
2018-08-20,348.6,352.61,347.1,350.74,3018615,342.8039999999999,53.6227856534941
2018-08-21,351.0,354.45,349.63,353.77,2967175,345.7299999999999,56.14986587318824
2018-08-22,354.32,355.87,349.84,350.03,2682942,349.3839999999999,52.357526886782495
2018-08-23,349.15,350.28,345.4628,347.48,1833449,349.6839999999999,49.883694342018664
2018-08-24,348.77,350.63,348.1,349.38,1954540,350.2799999999999,51.714352834551946
2018-08-27,352.11,355.0,351.01,353.74,2279949,350.8799999999999,55.712231889088066
2018-08-28,355.0,355.68,350.61,351.21,2475095,350.3679999999998,52.97146382766809
2018-08-29,352.26,352.35,349.21,350.19,1850054,350.39999999999986,51.86369406053966
2018-08-30,350.35,350.95,345.7501,346.9,3257668,350.2839999999998,48.35135379977423
2018-08-31,345.05,345.85,341.58,342.79,3462692,348.9659999999998,44.31393280297856
2018-09-04,341.6,346.32,339.28,346.25,2699402,347.4679999999998,48.23287120312818
2018-09-05,345.77,347.25,343.16,346.68,2959269,346.5619999999998,48.71590952599744
2018-09-06,347.55,353.35,346.58,351.27,3585876,346.7779999999998,53.68397905006315
2018-09-07,348.82,350.01,344.46,349.28,3921887,347.2539999999998,51.36090655885995
2018-09-10,349.49,350.75,341.68,341.86,3064126,347.06799999999987,43.75753185228827
2018-09-11,339.01,346.62,337.31,345.25,2731777,346.8679999999998,47.57596043283972
2018-09-12,345.0,355.04,344.605,353.41,4003834,348.2139999999998,55.421470489513574
2018-09-13,356.36,360.42,354.3,355.46,3166512,349.0519999999998,57.15618196902584
2018-09-14,356.44,362.26,356.1,359.8,2835757,351.15599999999984,60.64753678704546
2018-09-17,359.28,361.3,354.54,355.96,2554461,353.9759999999998,56.27767083937846
2018-09-18,357.3,365.81,356.1,363.58,3003512,357.6419999999997,62.11169886138986
2018-09-19,363.58,371.23,363.19,365.22,4753410,360.0039999999997,63.248320632468776
2018-09-20,368.74,371.73,365.67,367.46,4011062,362.40399999999966,64.80150765520848
2018-09-21,369.4,372.565,366.05,372.23,7144087,364.88999999999965,67.91144584500634
2018-09-24,371.0,371.8927,367.33,367.99,2800161,367.29599999999965,62.615520529822795
2018-09-25,369.08,370.46,366.88,367.23,2969159,368.02599999999967,61.68692957649574
2018-09-26,367.5,368.5601,364.32,365.03,2368637,367.9879999999996,58.961081386479435
2018-09-27,368.4,368.97,364.4,367.39,2355918,367.9739999999996,60.954303473904176
2018-09-28,368.63,374.22,366.22,371.9,3600472,367.9079999999996,64.5024933624359
2018-10-01,375.16,383.21,375.0,382.29,4758417,370.76799999999963,71.03317194579569
2018-10-02,380.85,388.615,379.77,386.37,4622595,374.59599999999966,73.1241611388388
2018-10-03,388.9,394.28,386.69,392.3,4794263,380.04999999999967,75.8525221619571
2018-10-04,390.74,391.09,385.29,389.99,3822324,384.5699999999997,72.7541091672613
2018-10-05,389.0,392.39,383.03,386.47,2899663,387.48399999999975,68.18360010238234
2018-10-08,383.84,386.73,377.35,385.77,3324019,388.1799999999997,67.27844490054457
2018-10-09,384.37,386.82,381.14,385.44,2862707,387.9939999999998,66.82804069710483
2018-10-10,382.96,383.8,367.09,367.47,6033088,383.02799999999974,47.98812071948565
2018-10-11,363.44,369.85,355.1,358.11,6266751,376.6519999999997,41.435625932183434
2018-10-12,366.01,367.12,352.26,360.11,5509720,371.3799999999997,43.219686354413675
2018-10-15,359.46,362.55,355.5,358.88,2979835,366.00199999999967,42.364929986195165
2018-10-16,360.45,368.57,358.55,368.25,2822482,362.5639999999997,50.41070415541823
2018-10-17,368.0,368.5,362.7,365.5,2238186,362.1699999999997,48.280456163855014
2018-10-18,364.82,367.76,356.76,359.35,3254902,362.41799999999967,43.82067481305339
2018-10-19,359.8,359.87,354.205,356.26,3491612,361.6479999999997,41.73470692962399
2018-10-22,357.85,358.7584,352.46,355.98,2263527,361.06799999999964,41.54173354796792
2018-10-23,349.5,353.56199999999995,342.82599999999996,350.05,4389559,357.4279999999997,37.57873807054302
2018-10-24,361.59,364.6,351.6901,354.65,8442563,355.2579999999997,42.18616603081336
2018-10-25,357.3,364.39,354.97,363.77,4003484,356.1419999999997,50.05702464519977
2018-10-26,360.7,363.3,354.1207,359.27,4073415,356.74399999999974,46.680077469438956
2018-10-29,360.55,361.71,328.63,335.59,7461953,352.6659999999997,33.769670639359376
2018-10-30,330.35,351.05,329.7746,349.91,5773971,352.6379999999997,43.87816011858025
2018-10-31,352.51,363.405,352.51,354.86,4175570,352.67999999999967,46.8953902403521
2018-11-01,357.47,364.57,353.2,363.07,3760650,352.5399999999997,51.54813935719633
2018-11-02,366.97,371.54,356.76,357.75,4029826,352.2359999999997,48.5780426907194
2018-11-05,359.76,363.29,356.48,361.98,2253943,357.5139999999997,50.99575547601498
2018-11-06,362.41,368.44,362.11,366.47,2471898,360.8259999999997,53.495205678721334
2018-11-07,367.64,372.85,359.5,372.02,4015255,364.2579999999997,56.45193123967167
2018-11-08,369.33,373.7,365.55,370.77,2752001,365.7979999999997,55.5946020179452
2018-11-09,367.83,371.0,366.12,369.34,2590303,368.1159999999997,54.5735179933844
2018-11-12,370.21,370.48,355.99,357.03,3088654,367.12599999999975,46.63331127715243
2018-11-13,349.55,355.38,342.04,349.51,4959999,363.7339999999997,42.559586118290035
2018-11-14,352.09,355.85,343.89,344.72,3445838,358.2739999999997,40.153447382842465
2018-11-15,341.12,347.98,336.51,341.57,4863046,352.43399999999974,38.60763702142802
2018-11-16,339.0,340.1904,331.16,335.95,4425161,345.75599999999974,35.948591909372325
2018-11-19,335.55,336.04,317.2,320.94,6782767,338.53799999999967,30.004700802466402
2018-11-20,302.1,322.18,296.61,317.7,6875884,332.1759999999997,28.89412671775426
2018-11-21,325.07,326.889,315.565,317.32,4401044,326.6959999999997,28.759675270206714
2018-11-23,315.0,317.0,311.871,312.32,1599381,320.84599999999966,26.98066040878905
2018-11-26,315.56,318.59,310.66,316.36,3362345,316.92799999999966,30.71024667874198
2018-11-27,315.28,318.56,310.96,318.03,2946391,316.34599999999966,32.25069589198188
2018-11-28,325.72,334.01,321.73,333.5,6117572,319.50599999999963,44.54902433911807
2018-11-29,335.97,343.23,334.06,342.56,5331919,324.55399999999963,50.24538155846011
2018-11-30,341.94,347.58,337.5,346.76,5373981,331.44199999999967,52.67258715415499
2018-12-03,364.31,369.0,356.37,359.96,6569067,340.16199999999964,59.379567477129335
2018-12-04,357.0,358.32,341.74,342.5,5199096,345.05599999999964,49.40603013092137
2018-12-06,329.99,333.63,317.3,331.9,9297449,344.7359999999996,44.517388749114346
2018-12-07,332.35,337.61,321.39,323.22,4526264,340.8679999999996,40.94462982145619
2018-12-10,321.27,327.2,315.51,326.35,4400518,336.78599999999966,42.729530562223054
2018-12-11,333.25,334.49,318.7518,322.03,3566436,329.19999999999965,40.892475521168805
2018-12-12,327.38,331.9,324.66,326.69,3424818,326.03799999999967,43.70410216511539
2018-12-13,328.4,328.74,324.173,325.47,2247706,324.75199999999967,43.125726645655725
2018-12-14,322.45,323.91,315.56,318.75,3298436,323.85799999999966,39.98668399781506
2018-12-17,316.91,327.2162,314.44,316.13,4968366,321.8139999999997,38.80086368644373
2018-12-18,325.46,332.0899,323.2,328.06,5881140,323.01999999999964,46.57062104026701
2018-12-19,329.33,333.48,316.1,319.55,4871468,321.59199999999964,42.43222744600532
2018-12-20,317.0,321.82099999999997,308.0,313.05,5368592,319.1079999999996,39.5419078752739
2018-12-21,309.09,314.97,304.01,304.55,7641721,316.26799999999963,36.080790484510416
2018-12-24,300.65,303.0,294.16,294.16,3435304,311.8739999999996,32.35297631641258
2018-12-26,298.61,314.0899,292.4704,313.93,4843401,309.04799999999966,44.172549882789745
2018-12-27,309.04,317.14,302.24,317.14,4341113,308.5659999999997,45.82761142065567
2018-12-28,319.74,321.53,315.15,316.38,3725171,309.23199999999963,45.483803111772616
2018-12-31,320.5,323.64,318.75,322.5,3557691,312.82199999999966,48.81394917863049
2019-01-02,316.19,323.95,313.71,323.81,3292204,318.7519999999996,49.52470617633477
2019-01-03,319.49,319.74,309.4,310.9,5705567,318.1459999999996,43.163674484475955
2019-01-04,316.69,328.44,316.08,327.08,4448759,320.13399999999956,51.56094710761114
2019-01-07,330.52,330.69,323.35,328.11,4030280,322.47999999999956,52.046654332811826
2019-01-08,334.11,341.25,332.65,340.53,4736472,326.08599999999956,57.571336825279246
2019-01-09,342.96,347.2,340.8669,343.83,4213870,330.0899999999996,58.92539955931446
2019-01-10,346.51,353.4662,343.0,352.61,5358117,338.4319999999995,62.36665941100478
2019-01-11,348.56,354.36,348.09,352.9,3158852,343.59599999999955,62.478477672545544
2019-01-14,348.2,352.81,347.01,350.36,2476367,348.04599999999954,60.77519500125097
2019-01-15,352.0,353.315,347.98,352.24,2940908,350.3879999999995,61.60943236762282
2019-01-16,352.5,355.0,351.56,352.06,2731082,352.03399999999954,61.47462176508769
2019-01-17,350.75,363.83,350.73,359.09,4270365,353.3299999999996,64.7214209610892
2019-01-18,363.88,367.3156,361.32,364.73,4256505,355.6959999999996,67.1158583797199
2019-01-22,362.86,364.195,354.23,357.9,4336541,357.20399999999955,61.65816323992429
2019-01-23,361.91,362.1995,353.67,358.61,2924874,358.47799999999955,62.00405775166605
2019-01-24,358.91,363.18,356.9,358.27,2801392,359.71999999999963,61.71692660860215
2019-01-25,362.49,366.94,360.33,364.2,3190425,360.7419999999996,64.78034129829109
2019-01-28,360.65,363.165,357.5,362.97,3128884,360.3899999999996,63.64275830720657
2019-01-29,363.07,367.78,362.41,364.91,3202652,361.7919999999996,64.6958046344601
2019-01-30,387.4,391.969,380.5,387.72,12705305,367.61399999999946,74.16915185467357
2019-01-31,387.16,388.985,382.08,385.62,6878455,373.0839999999995,72.24705193374362
2019-02-01,386.11,392.8,384.7263,387.43,5625749,377.72999999999945,72.89895445055153
2019-02-04,388.97,397.07,388.12,397.0,4256562,384.5359999999994,76.0960866007848
2019-02-05,400.75,410.75,399.55,410.18,7230380,393.58999999999935,79.65571824852131
2019-02-06,411.51,413.88,405.66,411.11,5356025,398.26799999999935,79.883355749896
2019-02-07,407.93,410.35,402.29,405.17,5211412,402.1779999999993,74.1745587584719
2019-02-08,400.0,404.96,397.8,404.91,4570946,405.6739999999993,73.92552724041165
2019-02-11,408.1,409.83,402.69,403.95,3046932,407.0639999999993,72.9516216401444
2019-02-12,407.0,411.21,405.395,410.72,3263321,407.17199999999923,75.41172118510514
2019-02-13,412.52,412.72,407.67,410.58,3078692,407.06599999999924,75.25928236767402
2019-02-14,408.93,412.22,407.8,409.82,2724260,407.9959999999993,74.38029055808144
2019-02-15,412.48,418.05,411.43,417.97,4017338,410.60799999999927,77.42521844653814
2019-02-19,415.5,417.94,414.54,416.26,3051459,413.06999999999937,75.4003384403323
2019-02-20,417.14,421.84,417.11,421.55,3990102,415.2359999999993,77.37189517779002
2019-02-21,421.58,422.4088,415.6766,417.58,2880474,416.63599999999934,72.66509754313654
2019-02-22,419.7,424.47,419.14,424.05,3132298,419.48199999999935,75.30204646917923
2019-02-25,427.49,429.92,426.52,426.87,3276050,421.2619999999994,76.37194283814205
2019-02-26,426.0,429.0,424.25,426.77,2503684,423.3639999999994,76.24580880132739
2019-02-27,427.17,436.33,427.15,435.44,4603847,426.14199999999937,79.41945879211552
2019-02-28,438.7,441.42,437.08,439.96,5063147,430.61799999999937,80.85549977629618
2019-03-01,446.01,446.01,440.19,440.62,5124178,433.93199999999933,81.06328036712331
2019-03-04,443.22,444.5,426.63,432.69,5971042,435.0959999999994,71.08102732638217
2019-03-05,431.04,433.85,428.6435,430.12,2844273,435.76599999999934,68.15197283089361
2019-03-06,429.7,432.0,422.08,424.46,4159385,433.56999999999937,62.08428243163653
2019-03-07,423.36,427.7,416.44,422.56,4893598,430.08999999999935,60.14834845879898
2019-03-08,416.77,423.4262,415.5,422.54,3794945,426.47399999999936,60.127094483511904
2019-03-11,371.27,402.67,365.55,400.01,34742186,419.9379999999993,42.08579316156487
2019-03-12,384.705,390.0,368.0,375.41,36922592,408.9959999999993,31.10962005182823
2019-03-13,378.43,381.77,363.33,377.14,32662252,399.53199999999924,32.44398653394387
2019-03-14,374.99,380.39,372.1,373.3,13514057,389.67999999999927,31.00828521595649
2019-03-15,370.88,385.71,366.45,378.99,26697712,380.96999999999935,35.558787290958904
2019-03-18,370.0,373.07,367.2,372.28,13119208,375.4239999999993,32.81045309104833
2019-03-19,371.14,378.77,371.01,373.43,9856108,375.0279999999993,33.755455086279085
2019-03-20,374.7,380.8,373.68,376.16,8737593,374.8319999999993,36.05471991982875
2019-03-21,374.04,377.0,372.23,372.7,6950985,374.7119999999993,34.42393199770564
2019-03-22,368.79,369.86,361.525,362.17,10143922,371.3479999999993,29.97967436314447
