timestamp,open,high,low,close,volume,rsi14
2015-01-26,24.72,24.74,24.4,24.59,39173398,25.309308460584788
2015-01-27,24.39,24.46,24.2,24.38,38398141,23.922600909183387
2015-01-28,24.47,24.49,23.81,23.84,49636325,20.77106339329272
2015-01-29,23.84,24.2,23.78,24.08,40423190,25.470486396173513
2015-01-30,23.88,24.11,23.82,23.89,54696459,24.24445879378588
2015-02-02,24.0,24.22,23.9,24.21,39599787,30.327302984804376
2015-02-03,24.29,24.5272,24.26,24.47,37723846,34.90107149955223
2015-02-04,24.41,24.43,24.08,24.16,33227446,32.187900089350705
2015-02-05,24.25,24.5,24.235,24.5,25636578,37.89080678340712
2015-02-06,24.54,24.75,24.47,24.52,27471599,38.21994109043555
2015-02-09,24.47,24.75,24.45,24.64,27237482,40.26534717145524
2015-02-10,24.77,24.7961,24.55,24.72,27075753,41.65225851141871
2015-02-11,24.71,24.82,24.6,24.77,24453269,42.550052497771695
2015-02-12,24.81,24.99,24.71,24.89,26522270,44.747412369021575
2015-02-13,24.99,25.17,24.94,25.15,33076157,49.274459553004675
2015-02-17,25.12,25.21,24.98,25.17,35986551,49.616433199471984
2015-02-18,25.29,25.29,25.15,25.25,30738248,51.03832610754384
2015-02-19,25.03,25.21,24.95,25.01,33230805,46.773657870212325
2015-02-20,24.88,25.215,24.8,25.21,39889162,50.48657483466809
2015-02-23,25.22,25.3,25.1,25.17,30736744,49.73926167666062
2015-02-24,25.12,25.45,25.09,25.39,42464097,53.79065069954956
2015-02-25,25.45,26.06,25.44,25.91,68219592,61.65780098103299
2015-02-26,25.94,26.01,25.81,25.89,38246220,61.22604818608265
2015-02-27,25.83,26.27,25.75,25.99,51526554,62.63490827543943
2015-03-02,25.88,26.12,25.85,26.11,32406831,64.31074318870596
2015-03-03,26.05,26.08,25.78,25.86,30540241,58.43107886526429
2015-03-04,25.76,25.77,25.47,25.66,31439760,54.16469456179998
2015-03-05,25.62,25.82,25.5799,25.82,28373771,56.8773590877916
2015-03-06,25.71,25.78,25.33,25.42,32286776,49.060184252499006
2015-03-09,25.52,25.7,25.49,25.64,31591142,52.89483899253527
2015-03-10,25.5,25.64,25.17,25.17,37442079,45.086245265578675
2015-03-11,25.28,25.49,25.135,25.19,36133460,45.45524777733518
2015-03-12,25.27,25.41,25.17,25.4,29369497,49.30709740272587
2015-03-13,25.28,25.36,24.81,25.04,45302949,43.62024055015314
2015-03-16,25.06,25.48,24.96,25.45,34610233,50.60726091653377
2015-03-17,25.3,25.39,25.09,25.31,34257086,48.401509537194116
2015-03-18,25.18,25.8542,25.11,25.64,38234788,53.541683136721346
2015-03-19,25.44,25.61,25.26,25.33,38305599,48.6397789290477
2015-03-20,25.34,25.53,25.3,25.4,50632559,49.75833523735386
2015-03-23,25.48,25.74,25.45,25.47,31983230,50.90969586258299
2015-03-24,25.38,25.48,25.27,25.27,25785785,47.55639214527384
2015-03-25,25.23,25.33,24.91,24.91,34891683,42.17181208125918
2015-03-26,24.8,24.92,24.67,24.8,32500749,40.657018909164414
2015-03-27,24.92,24.92,24.71,24.86,28257264,41.8832591836785
2015-03-30,24.98,25.2,24.97,25.12,27280524,46.994581471057636
2015-03-31,25.09,25.09,24.81,24.81,34933625,42.22604163178841
2015-04-01,24.72,24.92,24.57,24.84,38749526,42.830610015333576
2015-04-02,24.81,25.0,24.7,24.94,29213060,44.90039495216075
2015-04-06,24.9,25.41,24.79,25.18,33441606,49.61513436159912
2015-04-07,25.17,25.28,25.0,25.02,21259320,46.743532900687086
2015-04-08,25.05,25.12,24.87,25.01,22439203,46.56214526668266
2015-04-09,25.09,25.83,24.915,25.73,60097242,58.921983512561845
2015-04-10,27.13,28.68,27.0,28.51,352640214,79.06049024513484
2015-04-13,28.06,28.19,27.5,27.63,153984855,67.73954623800469
2015-04-14,27.48,27.84,27.38,27.73,55777197,68.29513199049934
2015-04-15,27.69,27.85,27.43,27.46,56420065,65.03827927805632
2015-04-16,27.29,27.495,27.18,27.28,13210346,62.88524688287954
2015-04-17,27.33,27.67,26.93,27.25,21395265,62.513804986079826
2015-04-20,27.32,27.44,27.01,27.02,61686961,59.60690585950597
2015-04-21,27.03,27.06,26.55,26.62,76872343,54.83159401326154
2015-04-22,26.7,27.02,26.6,26.91,47055120,57.49056259988186
2015-04-23,26.78,27.07,26.71,26.85,38161000,56.74625308864181
2015-04-24,26.88,26.94,26.7,26.8,27713961,56.09450351479961
2015-04-27,26.96,27.0,26.81,26.88,36214596,56.946536341697495
2015-04-28,26.95,27.16,26.64,27.12,38424635,59.48658604309699
2015-04-29,26.95,27.25,26.9,27.09,37151469,59.01786729372946
2015-04-30,27.06,27.35,26.97,27.08,42976850,58.851405890375865
2015-05-01,27.09,27.32,26.99,27.31,28303317,61.538418459620836
2015-05-04,27.36,27.61,27.25,27.27,26190866,60.79488828223524
2015-05-05,27.25,27.36,26.85,26.92,30346246,54.58070386660995
2015-05-06,27.0,27.18,26.61,26.81,27760551,52.75557002894845
2015-05-07,26.78,27.12,26.66,27.04,31038224,56.063815725412134
2015-05-08,27.25,27.49,27.22,27.36,37217508,60.23583090988589
2015-05-11,27.25,27.3,26.86,26.92,32444130,52.810269281261405
2015-05-12,26.82,27.09,26.75,27.03,29789641,54.32615569488289
2015-05-13,27.02,27.24,26.92,27.21,37170407,56.773172904319594
2015-05-14,27.32,27.43,27.15,27.41,26963729,59.3774027822777
2015-05-15,27.38,27.44,27.25,27.27,35761883,56.79787182103007
2015-05-18,27.21,27.39,27.21,27.31,22488840,57.36774017556384
2015-05-19,27.27,27.39,27.21,27.35,29150774,57.96486690194165
2015-05-20,27.34,27.7,27.2,27.64,40168598,62.10859761951668
2015-05-21,27.68,27.79,27.55,27.72,40307685,63.18670124308364
2015-05-22,27.69,27.775,27.62,27.68,23289341,62.23325322873785
2015-05-26,27.52,27.58,27.38,27.52,47463006,58.43495776492521
2015-05-27,27.57,27.62,27.46,27.52,25324976,58.434957764925215
2015-05-28,27.5,27.63,27.3,27.63,26418344,60.363815306034894
2015-05-29,27.5,27.5,27.27,27.27,41660034,51.878737569906185
2015-06-01,27.26,27.34,27.07,27.28,33322277,52.080238000637365
2015-06-02,27.22,27.42,27.15,27.33,26322704,53.13687282499198
2015-06-03,27.43,27.56,27.36,27.53,26306271,57.20203658622793
2015-06-04,27.42,27.62,27.21,27.26,33360470,50.7959301655354
2015-06-05,27.26,27.38,27.16,27.29,30647728,51.44657605874365
2015-06-08,27.32,27.36,27.21,27.24,29812813,50.25383462553149
2015-06-09,27.28,27.47,27.17,27.33,31113885,52.39334636242822
2015-06-10,27.36,27.68,27.32,27.63,33175668,58.76032924131674
2015-06-11,27.57,27.64,27.36,27.51,31388401,55.559454533253835
2015-06-12,27.44,27.48,27.28,27.39,22170553,52.48074223620631
2015-06-15,27.2,27.31,27.11,27.21,28498668,48.168982542377
2015-06-16,27.17,27.24,27.0,27.22,27569524,48.422511138737356
2015-06-17,27.19,27.4,27.11,27.27,36548320,49.74612545748839
2015-06-18,27.075,27.41,27.03,27.37,37680561,52.37833533392832
2015-06-19,27.27,27.38,27.18,27.24,60174688,48.79986347873662
2015-06-22,27.3,27.5,27.29,27.42,27491214,53.533547526580314
2015-06-23,27.42,27.6,27.39,27.55,32510907,56.650751705977235
2015-06-24,27.55,27.59,27.25,27.26,32456002,48.787945189191944
2015-06-25,27.28,27.35,27.02,27.04,23273868,43.81921030420701
2015-06-26,27.04,27.13,26.91,27.09,25777391,45.18555515512754
2015-06-29,26.9,26.97,26.53,26.64,33370576,36.56612399597903
2015-06-30,26.82,26.96,26.5301,26.57,35557794,35.433809572371246
2015-07-01,26.67,26.8699,26.47,26.66,30427429,38.08835175402232
2015-07-02,26.7,26.83,26.6,26.78,26002262,41.53955101400622
2015-07-06,26.53,26.64,26.2,26.31,27855761,33.63185765743245
2015-07-07,26.38,26.55,25.93,26.47,32640248,37.9615381746669
2015-07-08,26.09,26.24,25.88,25.89,32030673,30.256036498693902
2015-07-09,26.17,26.4,26.01,26.02,30411376,33.51357917540834
2015-07-10,26.39,26.44,26.04,26.27,25355836,39.37763017905029
2015-07-13,26.49,26.53,26.24,26.47,24324597,43.65882833348825
2015-07-14,26.35,26.73,26.35,26.66,22294172,47.45521409127315
2015-07-15,26.61,26.79,26.6,26.77,27925145,49.5736988407504
2015-07-16,26.98,27.04,26.84,27.04,30635414,54.43025157128043
2015-07-17,27.26,27.33,27.03,27.24,41186752,57.681514045911484
2015-07-20,27.12,27.21,27.01,27.14,24666210,55.54751262365043
2015-07-21,27.01,27.15,26.8,26.85,29279785,49.794181944850116
2015-07-22,26.88,26.96,26.57,26.63,24130117,45.90940778079297
2015-07-23,26.58,26.6,26.2,26.26,23201200,40.22543888429795
2015-07-24,26.31,26.32,25.67,25.75,31117470,33.98044278670916
2015-07-27,25.54,25.98,25.52,25.95,36276960,38.04270832314773
2015-07-28,26.1,26.24,25.95,26.1,27755489,40.97609674778556
2015-07-29,26.09,26.28,26.05,26.26,23987875,44.020615641206845
2015-07-30,26.23,26.24,26.01,26.12,22118833,41.980158138030475
2015-07-31,26.23,26.293000000000003,26.05,26.1,23197506,41.682912056945824
2015-08-03,26.12,26.125,25.6,25.87,32564532,38.3223869615955
2015-08-04,25.89,26.06,25.83,25.9,21985187,39.013046686054935
2015-08-05,26.09,26.33,26.03,26.1,25378490,43.55125365794343
2015-08-06,26.15,26.18,25.96,26.03,17267700,42.36305951794868
2015-08-07,25.95,26.06,25.61,25.79,25916189,38.4861221573641
2015-08-10,25.9,26.3,25.9,26.24,23475142,48.08052061233439
2015-08-11,26.03,26.03,25.64,25.71,28235312,40.13967830610001
2015-08-12,25.54,25.88,25.35,25.86,32656190,43.00852524605515
2015-08-13,25.77,25.91,25.62,25.79,16418672,41.99699695740262
2015-08-14,25.65,26.1,25.62,26.08,20786347,47.50536607379645
2015-08-17,25.95,26.24,25.8,26.21,19223741,49.806541432280866
2015-08-18,26.17,26.21,25.94,26.07,20348548,47.396891099991656
2015-08-19,25.9,26.025,25.615,25.73,29145695,42.0732445909444
2015-08-20,25.51,25.64,25.18,25.19,34645831,35.292972551260064
2015-08-21,24.9,25.13,24.56,24.59,65098113,29.58750067711334
2015-08-24,22.84,24.38,19.37,23.87,91206909,24.47442951351725
2015-08-25,24.73,24.74,23.27,23.27,60771423,21.18837578255686
2015-08-26,23.85,24.07,23.27,24.01,78878180,33.11589571651575
2015-08-27,24.43,25.01,24.38,25.01,64891540,45.18812545949377
2015-08-28,24.92,25.17,24.78,25.16,32939824,46.74099012227592
2015-08-31,24.98,24.98,24.58,24.82,37004964,43.7176428713126
2015-09-01,24.24,24.36,23.68,23.88,65343028,36.65786671086602
2015-09-02,24.14,24.58,23.83,24.57,50480282,43.82847982828134
2015-09-03,24.76,24.95,24.39,24.51,33564783,43.368724157683886
2015-09-04,24.18,24.18,23.85,24.0,35628376,39.569181195730515
2015-09-08,24.51,24.98,24.27,24.96,46208771,48.68302358268045
2015-09-09,25.2,25.22,24.48,24.55,34611248,45.52517048530571
2015-09-10,24.56,24.86,24.5,24.68,35036609,46.70560020175063
2015-09-11,24.74,24.96,24.5,24.95,31900975,49.16923319060849
2015-09-14,24.97,24.98,24.6,24.77,26237639,47.5897983136911
2015-09-15,24.9,25.45,24.7,25.3,46334688,52.434716278877616
2015-09-16,25.53,26.03,25.42,25.93,61533829,57.46783785537685
2015-09-17,25.5,25.93,25.27,25.35,48844120,52.011300076149446
2015-09-18,25.15,25.205,24.71,24.8,77869308,47.41385108540897
2015-09-21,24.89,25.2,24.8399,25.09,29616825,49.92713550084484
2015-09-22,24.76,25.16,24.6,25.11,44204897,50.10424853383989
2015-09-23,25.01,25.33,24.98,25.14,41189957,50.387722506602955
2015-09-24,24.87,25.45,24.65,24.91,53239248,48.1300685928134
2015-09-25,25.0,25.04,24.86,24.92,38947468,48.23865988420575
2015-09-28,24.69,24.74,24.31,24.31,42431322,42.40653717623529
2015-09-29,24.33,24.6,24.26,24.57,41586754,45.434679779246636
2015-09-30,24.73,25.24,24.69,25.22,43496670,52.20091930818775
2015-10-01,25.15,25.31,24.79,25.19,39722475,51.881152884696526
2015-10-02,24.87,25.49,24.83,25.47,42673722,54.67204043173102
2015-10-05,26.37,27.2,26.22,26.82,105394338,65.16324284077626
2015-10-06,26.99,27.41,26.96,27.29,71903511,67.94490826990197
2015-10-07,27.5,27.77,27.32,27.77,65836913,70.53273428257845
2015-10-08,27.63,28.2,27.43,28.03,51114701,71.85801993137402
2015-10-09,27.98,28.17,27.894000000000002,28.07,47327637,72.0661675784654
2015-10-12,27.98,28.17,27.91,28.09,25239634,72.17697678896914
2015-10-13,27.97,28.28,27.87,27.87,43203188,68.93747604097678
2015-10-14,27.74,27.84,27.48,27.6,39107858,65.07706858415551
2015-10-15,27.8,28.17,27.64,28.03,76978568,68.1372707294715
2015-10-16,28.61,29.19,28.215,28.98,142004811,73.63420064702106
2015-10-19,28.8,29.56,28.75,28.99,131036378,73.68566312980784
2015-10-20,28.82,29.0,28.7,28.78,75155008,70.57052630679728
2015-10-21,28.79,29.24,28.78,28.85,65519289,71.01047163340665
2015-10-22,28.95,29.74,28.91,29.58,81470070,75.17786790820615
2015-10-23,29.7,29.83,29.42,29.51,76867187,74.0781691047429
2015-10-26,29.52,29.66,29.41,29.55,48757397,74.30943101332186
2015-10-27,29.41,29.64,29.23,29.46,67605799,72.7370375032441
2015-10-28,29.33,29.58,29.15,29.39,71075100,71.47031003890515
2015-10-29,29.17,29.38,29.06,29.34,42373002,70.52553026789231
2015-10-30,29.22,29.325,28.91,28.92,71021379,62.992685578413344
2015-11-02,28.94,29.4,28.88,29.4,59501862,67.2923855603016
2015-11-03,29.21,29.79,29.18,29.59,95829499,68.83587129278419
2015-11-04,29.55,29.785,29.46,29.54,105131354,67.92742349079636
2015-11-05,29.47,29.74,29.31,29.64,122592649,68.81388745450064
2015-11-06,29.44,29.95,29.25,29.92,126106633,71.21308024417205
2015-11-09,29.76,29.95,29.38,29.75,145458183,67.8025230709195
2015-11-10,29.63,30.27,29.61,30.12,239433940,71.05205486169655
2015-11-11,30.2,30.82,30.2,30.67,197598775,75.07847598073873
2015-11-12,30.41,30.9,30.11,30.16,292774116,65.92208073518577
2015-11-13,29.86,30.49,29.81,30.28,247131467,66.94363155513318
2015-11-16,29.88,30.6,29.77,30.36,284792224,67.64007811252878
2015-11-17,30.57,30.75,30.0,30.32,431315043,66.88133929323158
2015-11-18,30.24,30.57,30.1,30.52,20981559,68.7677905991475
2015-11-19,30.42,30.51,30.26,30.27,21582351,63.87037462603192
2015-11-20,30.26,30.99,30.21,30.66,210756054,67.73115125104869
2015-11-23,30.59,30.82,30.26,30.59,135385737,66.36046284433797
2015-11-24,30.33,30.87,30.28,30.66,145873056,67.07796245739529
2015-11-25,30.64,30.65,30.3,30.36,54152267,61.06646915629247
2015-11-27,30.27,30.375,30.19,30.36,33143866,61.06646915629247
2015-11-30,30.33,30.45,29.94,29.94,79685784,53.30930583628944
2015-12-01,29.99,30.25,29.87,30.17,54242041,56.56332375481698
2015-12-02,30.09,30.23,29.88,29.97,44113776,53.097919104435036
2015-12-03,30.09,30.25,29.965,30.03,62969668,54.00826155784759
2015-12-04,30.07,30.52,29.96,30.49,58201149,60.360567137946234
2015-12-07,30.42,30.44,30.12,30.37,66679879,58.10591273826729
2015-12-08,30.07,30.38,29.91,30.19,53265303,54.799341011135574
2015-12-09,30.02,30.59,29.96,30.47,50560429,58.73328133223447
2015-12-10,30.44,30.93,30.37,30.65,47071585,61.078440841686984
2015-12-11,30.32,30.61,30.15,30.26,62901542,53.92755324381443
2015-12-14,30.26,30.46,29.77,30.26,65050993,53.92755324381443
2015-12-15,30.4,30.61,30.22,30.32,59345615,54.87029025984499
2015-12-16,30.46,31.23,30.42,30.98,73810563,63.67528118368697
2015-12-17,30.94,31.05,30.53,30.55,58024145,56.00824457607085
2015-12-18,30.39,30.58,30.28,30.28,82796913,51.79133971667379
2015-12-21,30.42,30.6,30.15,30.4,40714942,53.46818874910718
2015-12-22,30.49,30.63,30.16,30.49,42256401,54.73973437196685
2015-12-23,30.52,31.0,30.52,30.95,35775327,60.65733639944251
2015-12-24,30.9,30.93,30.69,30.83,13518873,58.50825006460427
2015-12-28,30.74,31.0,30.605,30.9,26554359,59.4116364601361
2015-12-29,31.01,31.48,31.0,31.28,33396113,63.994630630508
2015-12-30,31.28,31.435,31.01,31.05,29127035,59.60752797001426
2015-12-31,30.86,31.49,30.79,31.15,52307154,60.86376096456513
2016-01-04,30.55,30.76,30.25,30.71,62875775,53.04635493243559
2016-01-05,30.68,30.84,30.45,30.74,55117900,53.48503694401297
2016-01-06,30.27,30.715,30.05,30.25,62647791,45.935975417645345
2016-01-07,29.65,29.955,28.85,28.97,92216299,32.88039328255526
2016-01-08,29.12,29.3,28.34,28.45,21699428,29.244094693388163
2016-01-11,28.57,29.92,28.255,28.58,13787786,31.28991603719831
2016-01-12,28.76,28.875,28.34,28.64,47665873,32.26338273520493
2016-01-13,28.91,29.06,28.2,28.24,55717721,29.284634163553662
2016-01-14,28.31,29.25,28.29,29.06,65233884,41.25788476212118
2016-01-15,28.14,28.76,28.1,28.49,69415025,36.616753960275624
2016-01-19,28.72,28.8899,28.2,28.49,51978787,36.616753960275624
2016-01-20,27.93,28.43,27.48,28.0,88043054,32.9242319432004
2016-01-21,28.13,28.99,28.13,28.59,56022023,40.680950756306636
2016-01-22,28.55,28.56,27.71,28.24,87867933,37.88229554243039
2016-01-25,28.32,28.49,28.0,28.04,44844232,36.343667345477755
2016-01-26,28.07,28.54,28.05,28.31,42426687,39.89295523225394
2016-01-27,28.2,28.575,27.82,28.0,46109638,37.32004638573545
2016-01-28,28.22,28.35,27.93,28.21,40069281,40.13668567336809
2016-01-29,28.46,29.11,28.34,29.1,51569446,50.32487350825773
2016-02-01,29.01,29.03,28.56,28.64,43437074,45.970113097922024
2016-02-02,28.27,28.29,27.92,28.24,40069799,42.52419817733679
2016-02-03,28.39,28.69,27.87,28.67,44261122,47.11369770031695
2016-02-04,28.65,29.46,28.49,29.18,53994518,52.008457690096144
2016-02-05,29.15,29.2,28.3,28.54,51982629,46.22651440539604
2016-02-08,28.22,28.27,27.76,28.17,48095676,43.23402929407422
2016-02-09,27.75,28.54,27.75,28.28,37027655,44.386673751084274
2016-02-10,28.37,28.7,28.25,28.3,32485136,44.60690802094657
2016-02-11,27.75,28.03,27.1,27.45,80542521,37.76244012374056
2016-02-12,27.57,28.26,27.36,28.26,57644900,46.22949647384956
2016-02-16,28.58,29.03,28.42,28.86,47216039,51.49365937356836
2016-02-17,29.14,29.61,29.12,29.34,38253827,55.26669473638199
2016-02-18,29.3,29.345,28.99,29.08,31054052,52.86785704283009
2016-02-19,28.94,29.13,28.68,29.02,36064558,52.303658415668856
2016-02-22,29.25,29.485,29.2,29.41,38511529,55.6190508644094
2016-02-23,29.21,29.36,29.08,29.22,31149038,53.662050893820826
2016-02-24,28.9,29.05,28.4,28.96,44923373,51.016695646874176
2016-02-25,28.8,29.28,28.78,29.23,35880264,53.57606957453916
2016-02-26,29.3,29.56,29.29,29.4,29342309,55.16453293426674
2016-02-29,29.44,29.55,29.12,29.14,34152559,52.221508820542915
2016-03-01,29.41,29.97,29.31,29.88,32329596,58.936333185949515
2016-03-02,29.78,30.18,29.76,30.18,37212718,61.310285392782205
2016-03-03,30.2,30.4,30.06,30.22,28111715,61.628809958652006
2016-03-04,30.22,30.59,30.22,30.46,33032707,63.566923372110715
2016-03-07,30.26,30.45,30.13,30.29,26244587,61.20857190663953
2016-03-08,30.08,30.22,29.97,30.06,30537142,58.06958395397427
2016-03-09,30.16,30.2,29.97,30.05,24820109,57.930479392382054
2016-03-10,30.17,30.29,29.7938,29.94,33147925,56.33193502139394
2016-03-11,30.14,30.58,30.14,30.34,32156767,60.59056379856281
2016-03-14,30.22,30.37,30.08,30.27,22159646,59.49705065762653
2016-03-15,30.03,30.37,30.03,30.28,28899038,59.60919778019261
2016-03-16,30.24,30.31,30.065,30.17,32846963,57.71608824240438
2016-03-17,30.22,31.11,30.175,30.96,60642867,66.05419833944921
2016-03-18,31.09,31.15,30.9,30.92,52373900,65.35150530839249
2016-03-21,30.85,31.2,30.79,31.09,27367342,66.9602092357114
2016-03-22,30.98,31.24,30.97,31.06,26035117,66.37454283411282
2016-03-23,31.04,31.24,31.01,31.07,27233948,66.47978837118536
2016-03-24,30.91,31.11,30.82,31.11,27594273,66.92572231765554
2016-03-28,31.14,31.7,31.095,31.49,39474284,70.88799361673817
2016-03-29,31.46,31.58,31.28,31.48,38549776,70.64813483270056
2016-03-30,31.76,31.95,31.73,31.83,35090006,73.96815431434023
2016-03-31,31.89,32.05,31.76,31.79,36833998,72.95255576938395
2016-04-01,31.5,32.02,31.45,31.93,39397161,74.28344760672641
2016-04-04,31.69,31.71,31.085,31.23,44923327,58.72420758682059
2016-04-05,30.95,31.13,30.78,30.98,31281147,54.3460539635321
2016-04-06,30.89,31.5,30.64,30.9,36642705,52.98473694071549
2016-04-07,30.72,30.78,30.51,30.63,33561379,48.56335155278499
2016-04-08,30.9,31.075,30.69,30.79,26808243,51.16403938540562
2016-04-11,30.83,31.0,30.71,30.71,25125205,49.808008965086486
2016-04-12,30.68,30.93,30.58,30.81,27554426,51.537064801347384
2016-04-13,30.98,31.1,30.94,30.98,23625824,54.41219104419711
2016-04-14,30.99,31.08,30.86,31.02,21497161,55.08735858594116
2016-04-15,31.07,31.1,30.93,31.03,24436000,55.265731074885615
2016-04-18,30.9,31.19,30.9,31.06,21073404,55.832451038884095
2016-04-19,31.14,31.21,31.01,31.15,22869883,57.56911655171275
2016-04-20,31.2,31.35,31.05,31.15,26540750,57.56911655171275
2016-04-21,31.12,31.28,30.85,30.98,39641312,53.00356026041231
2016-04-22,31.03,31.18,30.31,30.76,56496103,47.728358465604934
2016-04-25,30.81,30.86,30.4,30.68,35476455,45.93792812503695
2016-04-26,30.84,30.98,30.735,30.9,28683652,51.34347230310927
2016-04-27,30.94,31.01,30.815,30.93,22942836,52.047582285547385
2016-04-28,30.74,31.22,30.7,30.9,28826417,51.24890983606773
2016-04-29,30.75,30.97,30.6,30.75,28899341,47.33754304754596
2016-05-02,30.64,30.99,30.63,30.89,17191087,51.089577252118
2016-05-03,30.64,30.71,30.35,30.63,27706272,44.71760080192329
2016-05-04,30.4,30.415,29.89,30.07,39794461,34.68375674580295
2016-05-05,30.14,30.24,29.8,29.89,31694654,32.183998481087016
2016-05-06,29.68,30.24,29.41,30.12,28301031,38.302940801291776
2016-05-09,30.05,30.09,29.63,29.87,27153135,34.643895735618784
2016-05-10,29.99,30.56,29.98,30.48,27126418,47.75779028370437
2016-05-11,30.5,30.75,30.34,30.34,23609612,45.50120717445858
2016-05-12,29.84,30.195,29.84,30.09,47267196,41.71106865850497
2016-05-13,29.97,30.11,29.54,29.64,35266525,35.91233691147801
2016-05-16,29.55,30.13,29.52,29.96,25698303,42.07886755434857
2016-05-17,29.89,30.09,29.5837,29.71,33520126,38.92750922280745
2016-05-18,29.7,29.85,29.43,29.61,27805495,37.710915705920335
2016-05-19,29.33,29.45,29.06,29.36,34044846,34.784106417227534
2016-05-20,29.53,29.68,29.43,29.56,35004526,38.87149379916174
2016-05-23,29.52,29.67,29.41,29.49,23615042,37.9744037449243
2016-05-24,29.72,29.965,29.685,29.85,24212589,45.003923601066816
2016-05-25,30.0,30.32,29.96,30.09,27663897,49.14207852204015
2016-05-26,30.07,30.23,30.0,30.02,22645399,48.0074462681256
2016-05-27,30.14,30.19,30.04,30.12,19496966,49.79093504352507
2016-05-31,30.12,30.34,30.07,30.23,30295890,51.75153982404145
2016-06-01,30.04,30.14,29.89,30.11,21126650,49.48154723661812
2016-06-02,30.01,30.05,29.85,30.05,19031309,48.339823806901755
2016-06-03,30.02,30.05,29.81,29.94,23797387,46.233614126609346
2016-06-06,30.0,30.23,29.95,30.12,18660605,50.06754242385496
2016-06-07,30.14,30.41,30.13,30.14,25650883,50.489985666696256
2016-06-08,30.23,30.5,30.16,30.31,29141296,54.04865216397712
2016-06-09,30.16,30.33,30.02,30.24,26525976,52.379151863293245
2016-06-10,30.02,30.28,29.93,30.04,29429998,47.83298132908442
2016-06-13,29.98,30.13,29.79,29.83,32959405,43.55804525281206
2016-06-14,29.82,30.46,29.79,30.44,43699012,55.890056226314144
2016-06-15,30.48,30.91,30.47,30.71,43763044,60.050692267501724
2016-06-16,30.14,30.74,30.08,30.64,67614286,58.50980511761354
2016-06-17,30.65,30.72,30.45,30.6,55635867,57.60026072861571
2016-06-20,30.85,31.32,30.83,30.83,47891137,61.323296637927854
2016-06-21,30.88,31.01,30.87,30.94,36034259,62.996786232079856
2016-06-22,31.0,31.1,30.77,30.78,36008980,58.99804614251866
2016-06-23,31.06,31.21,30.97,31.19,40201713,65.10969154492138
2016-06-24,30.11,30.55,29.75,29.82,85664253,42.378555568090704
2016-06-27,29.54,29.62,29.17,29.32,55173361,37.265126640172475
2016-06-28,29.81,30.0,29.67,29.94,38207896,45.97077602525985
2016-06-29,30.51,30.62,30.3,30.55,35868200,52.89654136246639
2016-06-30,30.66,31.5,30.65,31.48,54514457,61.08642873337523
2016-07-01,31.33,31.63,31.32,31.49,32700349,61.16461931323169
2016-07-05,31.25,31.53,31.12,31.45,32360274,60.639744921182924
2016-07-06,31.27,31.8,31.265,31.74,32095930,63.11130455906474
2016-07-07,31.81,32.1,31.74,31.82,37517858,63.78685244117592
2016-07-08,31.99,32.27,31.99,32.2,38531744,66.88867985124759
2016-07-11,32.26,32.5,32.18,32.21,37977863,66.96886168465511
2016-07-12,32.31,32.49,32.13,32.26,38082951,67.39402072865836
2016-07-13,32.26,32.48,32.25,32.36,32440980,68.27357708092393
2016-07-14,32.5,32.72,32.49,32.63,33868772,70.5810767240252
2016-07-15,32.76,32.95,32.74,32.88,42285686,72.57038108697006
2016-07-18,32.89,32.94,32.66,32.91,38249461,72.80800029158743
2016-07-19,32.75,32.95,32.72,32.93,33554207,72.97607548027273
2016-07-20,32.96,33.0,32.7,32.78,35556863,69.5060625418379
2016-07-21,32.73,32.85,32.49,32.59,42862217,65.27229967670252
2016-07-22,31.73,32.07,31.69,32.06,57763807,55.17602407726188
2016-07-25,32.07,32.08,31.38,31.64,45725699,48.74185537368552
2016-07-26,31.67,31.73,31.31,31.47,36903458,46.384116807471024
2016-07-27,31.49,31.56,31.12,31.28,39239019,43.83214608004048
2016-07-28,31.2,31.31,31.08,31.25,30297520,43.425882967459685
2016-07-29,31.28,31.4264,31.111,31.14,50051061,41.89264845021405
2016-08-01,31.12,31.22,31.02,31.15,31154871,42.09281172899092
2016-08-02,31.11,31.16,31.0,31.05,27000557,40.587152830403795
2016-08-03,31.03,31.24,31.025,31.13,20005318,42.36335351344251
2016-08-04,31.2,31.25,31.09,31.17,20293194,43.276477079101994
2016-08-05,31.27,31.45,31.22,31.28,21577288,45.818610625722165
2016-08-08,31.3,31.395,31.21,31.27,20432495,45.61845502954919
2016-08-09,31.23,31.35,31.15,31.3,20108832,46.37528231011739
2016-08-10,31.25,31.335,31.2,31.27,18538116,45.69049487680837
2016-08-11,31.31,31.37,31.2,31.29,37986166,46.26021111214988
2016-08-12,31.2,31.28,31.175,31.24,21327002,44.98958029544593
2016-08-15,31.3,31.35,31.22,31.24,19553314,44.989580295445926
2016-08-16,31.14,31.29,31.08,31.19,22383559,43.600669670534046
2016-08-17,31.26,31.325,31.18,31.29,17597945,47.11702623153412
2016-08-18,31.25,31.43,31.19,31.43,28041239,51.6609380680327
2016-08-19,31.32,31.4,31.18,31.25,24541883,46.168231267470176
2016-08-22,31.17,31.43,31.08,31.32,20460480,48.463073645710914
2016-08-23,31.45,31.57,31.23,31.23,32114791,45.76192990245407
2016-08-24,31.27,31.35,31.17,31.22,22044991,45.45875277664875
2016-08-25,31.19,31.3,31.13,31.21,17027857,45.13671506473243
2016-08-26,31.27,31.46,31.14,31.23,22265644,45.96125024037515
2016-08-29,31.18,31.45,31.17,31.36,21248314,51.105107581264896
2016-08-30,31.34,31.47,31.3,31.37,18137373,51.487647961326054
2016-08-31,31.29,31.3459,31.19,31.24,33416260,46.40482519146646
2016-09-01,31.15,31.29,30.96,31.2,41255600,44.93492693082628
2016-09-02,31.25,31.45,31.23,31.29,20807497,48.860036211559425
2016-09-06,31.31,31.34,30.8,31.05,40949519,40.557669051512974
2016-09-07,30.99,31.06,30.8,31.06,27262702,41.00746819900795
2016-09-08,31.0,31.05,30.9,31.04,30256181,40.34984169080488
2016-09-09,30.82,30.82,30.11,30.11,44619722,22.378397601803627
2016-09-12,30.0,30.57,29.84,30.49,41407281,35.09826978264522
2016-09-13,30.22,30.2548,29.72,29.85,45066224,27.056483100325295
2016-09-14,29.81,30.0,29.67,29.7,51075590,25.57731426209972
2016-09-15,29.55,29.85,29.42,29.75,35262522,27.009748499934645
2016-09-16,29.63,29.75,29.54,29.68,64933225,26.24805678747444
2016-09-19,29.78,29.96,29.4,29.43,30500752,23.67966700857484
2016-09-20,29.67,29.8,29.62,29.67,29642790,30.69112801454463
2016-09-21,29.75,29.92,29.59,29.85,29031558,35.478720579759454
2016-09-22,29.96,30.11,29.93,30.04,29378779,40.17623251562956
2016-09-23,30.02,30.05,29.81,29.89,22813074,37.834307160805665
2016-09-26,29.8,29.81,29.52,29.54,25900453,33.00053390418459
2016-09-27,29.6,29.97,29.47,29.88,25491940,40.89977195590166
2016-09-28,29.92,29.94,29.6,29.9,26750133,41.33790618350055
2016-09-29,29.81,30.1,29.44,29.53,38869460,36.018106117356695
2016-09-30,29.6,29.85,29.575,29.62,35755204,38.104663033138934
2016-10-03,29.46,29.7,29.4,29.64,19793977,38.583984578331474
2016-10-04,29.71,29.75,29.45,29.5,31127714,36.45575794203753
2016-10-05,29.52,29.7,29.4,29.5,24936855,36.45575794203753
2016-10-06,29.4,29.5,29.14,29.27,28085808,32.98881509139042
2016-10-07,29.06,29.205,28.92,29.08,37839907,30.415538282934747
2016-10-10,29.0,29.31,28.81,28.86,33981885,27.71931391545158
2016-10-11,28.75,29.03,28.69,28.92,30936937,29.553458023852116
2016-10-12,28.92,29.02,28.81,28.9,22754453,29.286683221227463
2016-10-13,28.78,28.9,28.66,28.77,28392555,27.546100491123227
2016-10-14,28.96,29.03,28.82,28.89,28180680,31.587945806267058
2016-10-17,28.9,28.99,28.7,28.85,39732551,30.96780294637206
2016-10-18,29.03,29.08,28.9,28.98,27562377,35.40622956076572
2016-10-19,29.06,29.22,29.03,29.06,29187978,38.04606912098226
2016-10-20,29.1,29.2,28.96,29.07,28416460,38.385044172150096
2016-10-21,28.44,29.0,28.33,28.98,64152053,36.45197614247294
2016-10-24,29.0,29.21,28.9,28.92,31139237,35.18001303827354
2016-10-25,28.94,29.01,28.62,28.65,26476690,30.091464130719103
2016-10-26,28.59,29.07,28.55,28.87,24356479,37.96513727991405
2016-10-27,28.89,28.96,28.61,28.63,25432889,33.52867483838067
2016-10-28,28.88,29.59,28.87,29.22,67867881,49.23409116652624
2016-10-31,29.48,29.65,29.09,29.1,43561726,46.81149224269947
2016-11-01,29.0,29.2,28.71,28.88,32008070,42.66645642638014
2016-11-02,28.86,28.86,28.4,28.49,30871471,36.496845943283425
2016-11-03,28.6,28.6,28.19,28.28,22997706,33.67329182547837
2016-11-04,28.22,28.81,28.22,28.44,35863876,37.63229556789213
2016-11-07,28.85,29.33,28.83,29.31,41254153,53.785527320557016
2016-11-08,29.37,29.62,29.29,29.42,35824228,55.3598138437342
2016-11-09,29.32,29.81,29.07,29.63,54046508,58.28157664552382
2016-11-10,29.85,30.84,29.83,30.41,81321144,66.93751954007595
2016-11-11,30.49,30.77,30.37,30.71,42712372,69.55405868815598
2016-11-14,30.74,30.8501,30.485,30.51,37740534,65.81461030665702
2016-11-15,30.48,30.77,30.24,30.75,40185971,68.03546137222841
2016-11-16,30.65,30.775,30.54,30.74,25265636,67.83770817720831
2016-11-17,30.7,30.87,30.66,30.79,17833480,68.33332419999414
2016-11-18,30.75,30.9,30.52,30.67,28583868,65.71595435554246
2016-11-21,30.69,30.88,30.58,30.87,22136288,67.92132885494769
2016-11-22,30.93,31.24,30.875,31.18,27718388,71.03181292775423
2016-11-23,31.24,31.38,31.18,31.34,24624068,72.51323306784911
2016-11-25,31.45,31.49,31.29,31.44,13162239,73.42786850080337
2016-11-28,31.33,31.43,31.21,31.25,22092675,68.74710134661757
2016-11-29,31.28,31.35,30.98,31.05,31422339,64.11401724392331
2016-11-30,31.18,31.27,30.75,30.76,45636890,58.00929300776829
2016-12-01,30.64,31.46,30.62,31.39,44697407,65.65912147777865
2016-12-02,31.36,31.49,31.26,31.34,21395019,64.65242746817391
2016-12-05,31.43,31.45,31.06,31.11,22138326,60.08852382370275
2016-12-06,31.19,31.24,31.01,31.17,17573265,60.86464407697921
2016-12-07,31.01,31.6,30.93,31.6,32896981,65.97172815719668
2016-12-08,31.6,31.7,31.4,31.53,28056961,64.49618467486349
2016-12-09,31.45,31.92,31.35,31.78,31227376,67.30845014014014
2016-12-12,31.67,31.99,31.66,31.86,31040474,68.17712131926184
2016-12-13,31.9,32.0,31.61,31.74,34500439,65.37115779226903
2016-12-14,31.61,31.98,31.44,31.5,43671040,60.04814357333311
2016-12-15,31.49,31.95,31.13,31.26,43377421,55.2069762446082
2016-12-16,31.52,31.87,31.46,31.75,71888796,61.95158286132869
2016-12-19,31.76,32.0,31.705,31.92,34950603,63.97810045816718
2016-12-20,31.92,32.38,31.91,32.25,39818239,67.58705924200316
2016-12-21,32.2,32.24,32.05,32.13,27960314,65.03543143312368
2016-12-22,31.89,31.95,31.78,31.82,6722195,58.853924828328054
2016-12-23,31.9,31.94,31.78,31.88,3295298,59.653256532526065
2016-12-27,31.89,32.045,31.85,31.9,15655819,59.93267327155938
2016-12-28,31.84,31.97,31.67,31.7,18885134,55.7730588068936
2016-12-29,31.74,31.8769,31.7,31.71,16092077,55.93772748907973
2016-12-30,31.63,31.795,31.51,31.6,25452804,53.574739351797405
2017-01-03,31.67,31.835,31.4,31.69,32149537,55.24073616064615
2017-01-04,31.75,31.83,31.62,31.7,21438996,55.43211065472361
2017-01-05,31.57,31.75,31.31,31.52,25856523,51.18944570697324
2017-01-06,31.58,31.77,31.36,31.61,22120800,53.121441845264286
2017-01-09,31.64,31.66,31.43,31.46,21262120,49.59782574369123
2017-01-10,31.46,31.62,31.37,31.37,27202526,47.55941738707597
2017-01-11,31.24,31.52,31.24,31.47,28385102,50.0174580645103
2017-01-12,31.45,31.47,31.13,31.39,29915878,48.0760148660592
2017-01-13,31.36,31.45,31.25,31.36,24319257,47.334034276600356
2017-01-17,31.17,31.45,31.16,31.27,28827307,45.085956615118086
2017-01-18,31.21,31.335,31.13,31.23,24701160,44.083837497523035
2017-01-19,31.25,31.34,31.05,31.21,37697856,43.56246847063372
2017-01-20,30.76,30.9,30.3,30.53,83262893,30.398610927208978
2017-01-23,30.5,30.51,29.58,29.75,59089325,22.135682610388685
2017-01-24,29.86,30.06,29.82,30.0,33686501,28.814532424022318
2017-01-25,30.42,30.47,30.215,30.37,38131702,37.37603786766674
2017-01-26,30.44,30.49,30.13,30.32,26766037,36.73309951352172
2017-01-27,30.4,30.44,29.935,30.01,30001614,32.948748835212555
2017-01-30,29.96,30.1,29.77,29.96,26211305,32.369503126315436
2017-01-31,29.85,29.9,29.5,29.7,38700781,29.46836768572669
2017-02-01,29.73,29.81,29.56,29.69,25681087,29.359376810583825
2017-02-02,29.58,29.71,29.5,29.68,21709543,29.242900076899957
2017-02-03,29.79,29.8,29.54,29.7,31103665,29.842389901438636
2017-02-06,29.68,29.75,29.57,29.66,23722777,29.30757154573179
2017-02-07,29.75,29.81,29.53,29.56,23775769,27.958570285572733
2017-02-08,29.51,29.54,29.26,29.43,32160231,26.265971496553107
2017-02-09,29.52,29.7,29.46,29.59,21665972,31.743030070675573
2017-02-10,29.74,29.75,29.55,29.72,22787056,35.90871532429982
2017-02-13,29.88,30.06,29.73,30.04,37020015,44.83364931984484
2017-02-14,30.13,30.28,29.92,30.28,35026059,50.41110829954747
2017-02-15,30.29,30.35,30.18,30.35,25472282,51.937411338879706
2017-02-16,30.35,30.47,30.3,30.45,25932515,54.11039915148894
2017-02-17,30.41,30.44,30.2,30.37,21847825,52.08173458982827
2017-02-21,30.41,30.59,30.34,30.52,30238000,55.45401750720976
2017-02-22,30.52,30.55,30.26,30.33,30124503,50.59674450562693
2017-02-23,30.04,30.08,29.85,30.02,28947909,43.84828176494189
2017-02-24,29.84,30.19,29.78,30.19,27320073,47.948329061051815
2017-02-27,30.05,30.1489,29.9,29.94,23551151,42.97838316954301
2017-02-28,29.99,30.08,29.67,29.81,39106735,40.62055545534138
2017-03-01,29.98,30.35,29.82,30.19,36882966,49.36509458441742
2017-03-02,30.23,30.23,30.0,30.19,27640045,49.36509458441742
2017-03-03,30.19,30.215,30.05,30.12,19994647,47.85934969435282
2017-03-06,30.0,30.08,29.92,30.0,23420603,45.307976543539674
2017-03-07,29.93,29.985,29.79,29.86,29968418,42.46379407035689
2017-03-08,29.89,29.94,29.73,29.8,32308399,41.26813990517219
2017-03-09,29.75,29.83,29.56,29.66,25940215,38.54121219782699
2017-03-10,29.84,30.43,29.63,30.28,59201785,53.26834568026889
2017-03-13,30.23,30.26,29.79,29.86,30187808,45.341935042413205
2017-03-14,29.76,29.79,29.47,29.54,22801581,40.40833756655587
2017-03-15,29.55,29.83,29.47,29.76,25142833,44.851145557546744
2017-03-16,29.8,29.82,29.62,29.75,21207002,44.68805624177758
2017-03-17,29.85,30.04,29.77,29.88,43638968,47.36743753516596
2017-03-20,29.9,29.92,29.69,29.74,18877431,44.84786568906483
2017-03-21,29.86,29.86,29.34,29.39,26834807,39.22979061944976
2017-03-22,29.56,29.71,29.31,29.53,26000688,42.341192358102056
2017-03-23,29.5,29.73,29.38,29.62,24674960,44.31499083706152
2017-03-24,29.59,29.81,29.53,29.72,27877534,46.50619486753708
2017-03-27,29.45,29.51,29.25,29.44,28986703,41.57330124955656
2017-03-28,29.31,29.73,29.25,29.62,27833722,45.570231648954966
2017-03-29,29.52,29.71,29.46,29.68,27558771,46.87483637292527
2017-03-30,29.66,29.99,29.63,29.87,35961302,50.88911279502064
2017-03-31,29.86,30.04,29.74,29.8,50796542,49.4078501411334
2017-04-03,29.76,30.0,29.745,29.88,29912225,51.157618877013846
2017-04-04,29.9,30.09,29.7,30.02,25056918,54.14639726326412
2017-04-05,30.09,30.42,29.95,29.97,25837471,52.90133752246282
2017-04-06,30.0,30.175,29.92,29.93,21549950,51.87369404136267
2017-04-07,29.92,30.19,29.92,29.99,18973172,53.33794534541086
2017-04-10,30.07,30.23,29.96,30.01,18505150,53.842075634672796
2017-04-11,30.0,30.1,29.84,30.04,22035123,54.63382377410435
2017-04-12,29.88,29.9,29.65,29.77,27041348,46.8456252553927
2017-04-13,29.7,29.8,29.55,29.56,19998013,41.84875398553077
2017-04-17,29.62,29.7,29.55,29.64,21776555,44.28680377931851
2017-04-18,29.6,29.9,29.58,29.84,25706585,49.93771993871478
2017-04-19,29.89,30.06,29.87,30.0,26594394,53.96083878844111
2017-04-20,30.05,30.54,30.03,30.27,37066028,59.82771868000874
2017-04-21,30.27,30.38,29.45,29.55,72351353,43.79903786325559
2017-04-24,29.85,29.93,29.49,29.55,48585162,43.79903786325559
2017-04-25,29.45,29.6,29.32,29.45,39022608,41.98708085275285
2017-04-26,29.52,29.55,29.26,29.26,36606030,38.7102948291822
2017-04-27,29.29,29.31,29.02,29.08,32777918,35.85539728131869
2017-04-28,29.1,29.16,28.93,28.99,23929082,34.485902649827736
2017-05-01,29.01,29.17,28.93,28.94,23695689,33.71544829870929
2017-05-02,29.01,29.05,28.91,28.99,31475876,35.27276539154391
2017-05-03,28.92,29.29,28.85,29.23,26774100,42.28245082994842
2017-05-04,29.27,29.31,29.05,29.2,19544097,41.67490259095364
2017-05-05,29.13,29.24,29.11,29.22,16687305,42.27044439551469
2017-05-08,29.16,29.245,29.0,29.07,21584760,39.0499454720534
2017-05-09,29.08,29.09,28.86,28.93,23644067,36.27226384307621
2017-05-10,28.92,28.93,28.6,28.7,26025480,32.21772563652203
2017-05-11,28.68,28.89,28.5,28.87,27586723,37.75594767177114
2017-05-12,28.36,28.45,27.85,28.27,67907806,28.809086064803083
2017-05-15,28.07,28.24,27.97,28.18,39555728,27.74695852089401
2017-05-16,28.25,28.28,28.0,28.04,29380413,26.132949949604523
2017-05-17,27.82,27.87,27.41,27.41,51736251,20.386183186362686
2017-05-18,27.26,27.65,27.1,27.48,47368864,22.427384060944945
2017-05-19,27.55,28.165,27.5,28.05,47191581,36.666747944814816
2017-05-22,28.23,28.3,28.06,28.18,27447047,39.39896605243002
2017-05-23,28.21,28.28,28.11,28.28,22585218,41.48997174564495
2017-05-24,28.32,28.5,27.62,27.83,53699253,35.546159718528585
2017-05-25,27.79,27.9,27.42,27.49,39083389,31.83524318910844
2017-05-26,27.46,27.55,27.29,27.45,30514810,31.419662110659957
2017-05-30,27.31,27.45,27.16,27.36,36416153,30.45629489154534
2017-05-31,27.33,27.435,27.19,27.38,34713102,30.9628716282931
2017-06-01,27.51,27.875999999999998,27.5,27.72,32184711,39.08624465230953
2017-06-02,27.87,27.94,27.62,27.88,36766465,42.51423613051056
2017-06-05,27.9,28.065,27.81,27.98,7023726,44.61222406525448
2017-06-06,27.99,28.04,27.81,27.93,7637140,43.752420092085536
2017-06-07,27.95,27.96,27.4,27.68,43460995,39.63882936093525
2017-06-08,27.66,27.82,27.53,27.59,40703330,38.24477938080912
2017-06-09,27.63,27.97,27.59,27.94,25339912,46.17287575220412
2017-06-12,29.24,29.47,28.73,28.94,137723396,61.41461984312121
2017-06-13,29.12,29.16,28.34,28.45,58665462,53.430876779622665
2017-06-14,28.48,28.8,28.37,28.69,40601693,56.41921453827101
2017-06-15,28.48,28.95,28.43,28.94,47662562,59.34573261174196
2017-06-16,28.98,29.01,28.62,29.0,81036496,60.0392945141609
2017-06-19,28.96,29.0,28.74,28.8,30181300,56.57460704977213
2017-06-20,28.71,28.72,28.08,28.13,47389248,46.82595410171506
2017-06-21,28.18,28.19,27.645,27.78,33568459,42.687816483449296
2017-06-22,27.77,27.83,27.54,27.55,27013118,40.175229335461815
2017-06-23,27.79,27.79,27.5,27.57,30501125,40.50317194566141
2017-06-26,27.59,27.68,27.5,27.61,28483820,41.19744084846663
2017-06-27,27.52,27.585,27.2,27.21,41166827,36.59827378689332
2017-06-28,27.26,27.4,27.05,27.08,30759065,35.22204219252866
2017-06-29,27.16,27.41,26.79,27.02,36443559,34.575799369459475
2017-06-30,27.09,27.19,26.91,27.01,25849199,34.462309001216724
2017-07-03,27.16,27.59,27.06,27.45,20664966,43.28361130928026
2017-07-05,27.54,27.56,27.23,27.35,21082332,41.90316228205432
2017-07-06,26.86,27.0494,26.1,26.31,76073149,30.874649603053243
2017-07-07,26.25,26.3,25.98,26.15,39318673,29.584597816922326
2017-07-10,26.13,26.19,25.85,26.04,44205758,28.696835907417494
2017-07-11,26.03,26.45,25.91,26.38,41147969,35.172184324519904
2017-07-12,26.54,26.805,26.37,26.58,50258212,38.69880724615245
2017-07-13,26.58,26.83,26.5,26.79,27648927,42.251150748682086
2017-07-14,26.74,26.9,26.73,26.78,20885821,42.12596316359697
2017-07-17,26.76,26.88,26.72,26.82,27663604,42.855325209727006
2017-07-18,26.76,26.92,26.735,26.89,25337255,44.181081014447024
2017-07-19,26.85,27.03,26.84,26.94,24587725,45.15976775589157
2017-07-20,27.02,27.05,26.6,26.69,54488875,41.264039038846235
2017-07-21,25.38,26.005,25.26,25.91,90331358,31.99129776376175
2017-07-24,25.78,25.85,25.35,25.43,56593796,27.844547429884898
2017-07-25,25.57,25.73,25.36,25.44,45779612,28.053779119856173
2017-07-26,25.59,25.69,25.37,25.59,40310853,31.27307690847239
2017-07-27,25.59,25.8,25.52,25.79,39700662,35.4222315182968
2017-07-28,25.86,25.88,25.4,25.53,28137073,32.66165997869105
2017-07-31,25.54,25.69,25.49,25.61,30419275,34.35683263916137
2017-08-01,25.63,25.66,25.33,25.44,41834789,32.485362636901286
2017-08-02,25.44,25.57,25.39,25.52,26843630,34.299069190502976
2017-08-03,25.59,25.78,25.37,25.76,30011368,39.54594136524018
2017-08-04,25.75,25.85,25.62,25.78,23304936,39.976127501167674
2017-08-07,25.74,25.79,25.55,25.63,18825183,37.803388201798526
2017-08-08,25.63,25.89,25.515,25.56,26993978,36.79825056607291
2017-08-09,25.55,25.72,25.46,25.71,29470006,40.452008954802565
2017-08-10,25.71,25.71,25.27,25.3,29440644,34.56928576302812
2017-08-11,25.4,25.45,25.19,25.2,18982525,33.29739615627054
2017-08-14,25.28,25.55,25.25,25.36,24022187,37.2739909039574
2017-08-15,25.21,25.32,25.1,25.14,27145520,34.25040930069913
2017-08-16,25.12,25.25,25.05,25.1,27058038,33.71490891988974
2017-08-17,25.07,25.1,24.72,24.75,30562659,29.38557618425142
2017-08-18,24.63,24.74,24.44,24.55,33470343,27.23353936870359
2017-08-21,24.49,24.595,24.32,24.49,45501831,26.604077214443464
2017-08-22,24.57,24.74,24.4822,24.6,29762966,29.80727501145904
2017-08-23,24.52,24.56,24.335,24.39,34098068,27.35297482322271
2017-08-24,24.43,24.54,24.3,24.3,25411832,26.35154751794377
2017-08-25,24.39,24.6,24.35,24.49,22473035,32.01069773791524
2017-08-28,24.53,24.6665,24.35,24.47,23587325,31.7342727970791
2017-08-29,24.33,24.46,24.28,24.44,23888401,31.29768633879287
2017-08-30,24.49,24.49,24.15,24.28,33847275,29.005717374570395
2017-08-31,24.41,24.7,24.28,24.55,54733753,37.34418669686801
2017-09-01,24.6,25.3,24.49,25.14,58574270,50.91203353233292
2017-09-05,25.06,25.06,24.5713,24.76,44538436,44.26369010121051
2017-09-06,24.89,25.02,24.82,24.92,54331571,47.379487053959195
2017-09-07,24.51,24.55,23.83,24.02,78725933,35.39375042657322
2017-09-08,23.95,24.0,23.58,23.82,44456251,33.37331097257302
2017-09-11,23.8,23.89,23.62,23.72,42487468,32.37807743737157
2017-09-12,23.82,23.91,23.71,23.91,49543718,36.26699204110593
2017-09-13,23.93,24.18,23.92,24.11,38432062,40.16765136440453
2017-09-14,24.1,24.27,23.94,24.26,41729970,42.98603925722814
2017-09-15,24.1,24.17,23.75,23.93,64992381,38.67034987347059
2017-09-18,23.96,24.55,23.93,24.46,52451715,47.74441826702468
2017-09-19,24.46,24.47,24.015,24.2,45154507,44.283024567487736
2017-09-20,24.2,24.41,24.19,24.32,39397170,46.22093724303123
2017-09-21,24.33,24.84,24.17,24.75,52056530,52.58499825061347
2017-09-22,24.84,25.0399,24.77,24.87,39504669,54.21338339417527
2017-09-25,24.92,25.18,24.851,25.11,42140038,57.36695294133909
2017-09-26,25.15,25.21,24.92,24.93,38531096,54.343802031876194
2017-09-27,25.0,25.05,24.28,24.37,56200617,46.188626756365345
2017-09-28,24.39,24.45,24.16,24.24,35980297,44.51844670678768
2017-09-29,24.22,24.29,24.01,24.18,33558929,43.73244305796305
2017-10-02,24.22,24.61,24.1,24.57,42336319,49.92161964010014
2017-10-03,24.61,24.83,24.33,24.8,33840204,53.1916097053995
2017-10-04,24.88,24.89,24.43,24.48,32067551,48.45128308223685
2017-10-05,24.39,24.57,24.15,24.54,34618335,49.36250323782716
2017-10-06,24.41,24.54,24.13,24.39,39735369,47.11998840373674
2017-10-09,24.1,24.15,23.25,23.43,139824721,35.884150283076536
2017-10-10,23.7,23.8553,23.32,23.36,80668206,35.22458516980899
2017-10-11,23.13,23.27,22.9,23.07,80141522,32.55492291080964
2017-10-12,23.05,23.09,22.83,23.05,59756484,32.372698723792425
2017-10-13,23.15,23.23,22.96,22.98,40311505,31.703810513208225
2017-10-16,22.99,23.48,22.93,23.36,49557557,39.06445096944958
2017-10-17,23.22,23.25,23.0,23.19,57516310,37.136187156939314
2017-10-18,23.2,23.28,23.07,23.12,34286164,36.34073827814527
2017-10-19,23.14,23.78,23.05,23.58,74198697,44.72036384417504
2017-10-20,22.14,23.84,22.1,23.83,190095985,48.67459675144983
2017-10-23,23.44,23.44,22.18,22.32,184497512,33.21852714963889
2017-10-24,22.12,22.31,21.75,21.89,125427813,30.27074117043746
2017-10-25,21.84,21.89,21.3,21.525,101729417,27.99944343910805
2017-10-26,21.57,21.65,21.2,21.32,83508306,26.78389993655722
2017-10-27,21.26,21.3,20.64,20.79,97382227,23.895579538544922
2017-10-30,20.62,20.72,20.26,20.41,96260695,22.058843671391813
2017-10-31,20.26,20.4,20.05,20.16,97437586,20.919582621006484
2017-11-01,20.07,20.52,19.96,20.02,91187931,20.28768642511926
2017-11-02,20.05,20.075,19.63,19.94,79022208,19.917455061935513
2017-11-03,19.92,20.33,19.86,20.14,66914071,23.667815970353445
2017-11-06,20.52,20.53,20.08,20.13,57269858,23.60828344637656
2017-11-07,20.17,20.25,20.12,20.21,41338656,25.228623465061204
2017-11-08,20.21,20.32,20.07,20.12,39682539,24.596544704344993
2017-11-09,20.04,20.070999999999998,19.85,19.99,50136325,23.673903100018137
2017-11-10,19.98,20.68,19.9,20.49,99631330,33.93802539865898
2017-11-13,20.26,20.75,18.7501,19.02,260824111,23.803202421660487
2017-11-14,18.79,18.88,17.46,17.9,311665375,19.118614583803634
2017-11-15,17.51,18.38,17.5,18.26,144197713,24.277213307282153
2017-11-16,18.48,18.48,18.05,18.25,89297825,24.230981980014462
2017-11-17,18.34,18.47,18.21,18.21,60294057,24.033828179007102
2017-11-20,18.13,18.13,17.83,17.98,63804983,22.88100736559734
2017-11-21,17.95,18.07,17.7,17.83,77568597,22.13529345071494
2017-11-22,17.87,18.25,17.84,18.15,54658985,27.559334181284314
2017-11-24,18.38,18.38,18.15,18.19,24892808,28.232319971942474
2017-11-27,18.34,18.5,18.09,18.12,73588820,27.746523046109957
2017-11-28,18.17,18.44,18.06,18.41,54260939,32.89796187825506
2017-11-29,18.45,18.54,18.31,18.48,54775688,34.11895992402626
2017-11-30,18.56,18.59,18.18,18.29,66748905,32.39586545508921
2017-12-01,18.28,18.28,17.86,17.88,80919946,28.99316393623856
2017-12-04,18.0,18.06,17.88,17.95,66514531,30.33848532898307
2017-12-05,17.98,18.01,17.67,17.76,65734107,28.74645816378434
2017-12-06,17.75,17.84,17.6,17.66,43374084,27.916142801720824
2017-12-07,17.66,18.06,17.63,17.71,55419450,29.020091402684727
2017-12-08,17.74,17.82,17.66,17.71,53886374,29.020091402684727
2017-12-11,17.72,17.79,17.53,17.65,57950734,28.41447028177609
2017-12-12,17.66,18.04,17.65,17.91,66524488,34.7673954086997
2017-12-13,17.92,17.99,17.76,17.76,41644500,32.950566728487956
2017-12-14,17.765,17.82,17.64,17.64,47901240,31.531004932121434
2017-12-15,17.75,17.83,17.66,17.82,76297556,35.9859529563886
2017-12-18,17.84,18.05,17.75,17.76,53494382,35.16462222565508
2017-12-19,17.76,17.8,17.55,17.59,65387495,32.8751510703261
2017-12-20,17.6,17.65,17.36,17.45,75290306,31.080496123233445
2017-12-21,17.455,17.69,17.4375,17.47,66149781,31.65449337592142
2017-12-22,17.51,17.56,17.4,17.5,46370400,32.561790727948704
2017-12-26,17.45,17.66,17.4,17.43,55337900,31.510655520589154
2017-12-27,17.46,17.63,17.31,17.38,58655208,30.747150626636525
2017-12-28,17.35,17.4,17.25,17.36,60756258,30.42954041654295
2017-12-29,17.27,17.53,17.27,17.45,75906686,33.746175786364105
2018-01-02,17.58,17.99,17.53,17.98,77244095,49.12696299838721
2018-01-03,18.3,18.34,18.03,18.15,81279827,52.90366291886641
2018-01-04,18.38,18.62,18.3,18.53,81712858,60.044104098342025
2018-01-05,18.86,18.87,18.5,18.54,79151826,60.215049656996314
2018-01-08,18.67,18.7,18.1,18.28,81942490,53.77332878842164
2018-01-09,18.33,18.66,18.11,18.56,64768270,58.87562356747433
2018-01-10,18.59,19.06,18.58,18.929000000000002,77058784,64.44522233992495
2018-01-11,19.23,19.385,19.0,19.02,99164671,65.6796784183507
2018-01-12,19.12,19.15,18.705,18.76,86868316,59.34033461940506
2018-01-16,18.32,18.51,17.96,18.21,204909381,48.644371252233995
2018-01-17,17.65,17.7,17.26,17.35,185781751,37.31764128895369
2018-01-18,17.4,17.48,16.76,16.77,170184728,31.919521152163142
2018-01-19,16.65,16.73,16.02,16.26,213844559,28.073966380703865
2018-01-22,15.9,16.33,15.8,16.17,132799182,27.445572503413757
2018-01-23,16.3,17.03,16.27,16.89,120217528,39.17518435633982
2018-01-24,17.0,17.36,16.25,16.44,165697552,35.330711446630545
2018-01-25,16.5,16.62,16.13,16.18,92685118,33.29749843288327
2018-01-26,16.13,16.16,15.93,16.13,87681152,32.90532513161422
2018-01-29,16.02,16.43,15.97,16.28,73028014,35.36479488699018
2018-01-30,16.1,16.27,15.95,15.95,67620696,32.53885413151151
2018-01-31,16.06,16.275,15.99,16.17,75864777,36.199114981737715
2018-02-01,16.06,16.11,15.92,16.02,52598522,34.812220837381204
2018-02-02,15.89,15.93,15.6,15.64,81800428,31.517805481934218
2018-02-05,15.48,15.63,14.91,14.91,120550446,26.35750622235375
2018-02-06,14.82,15.34,14.71,15.27,126450615,32.248669625288144
2018-02-07,15.31,15.52,15.25,15.25,75686317,32.09505840796541
2018-02-08,15.19,15.205,14.45,14.45,133723033,26.630708272806388
2018-02-09,14.69,15.03,14.23,14.94,128757594,34.0383908968558
2018-02-12,15.06,15.14,14.78,14.82,75408672,33.15552686595004
2018-02-13,14.74,14.79,14.53,14.67,73353758,32.036937982699484
2018-02-14,14.69,15.03,14.64,14.9,85782841,35.623381429360336
2018-02-15,14.93,15.14,14.77,14.85,54704722,35.18865052624896
2018-02-16,14.85,15.23,14.81,15.05,64447124,38.42555974578424
2018-02-20,14.92,14.97,14.62,14.74,61317684,35.46863474733283
2018-02-21,14.71,14.73,14.45,14.49,97860029,33.2466983288564
2018-02-22,14.53,15.07,14.49,14.62,78200276,35.509119663972484
2018-02-23,14.53,14.67,14.485,14.49,52307766,34.25869859969724
2018-02-26,14.39,14.675,13.95,14.65,144854087,37.19029669757492
2018-02-27,14.67,15.18,14.5,14.5,91924040,35.58806094084531
2018-02-28,14.6,14.615,14.09,14.11,87781209,31.75719508479237
2018-03-01,14.16,14.26,13.95,14.02,91875668,30.929764039285374
2018-03-02,13.99,14.24,13.97,14.12,74629576,33.01804844571842
2018-03-05,14.18,14.65,14.12,14.42,87449520,38.97860453447412
2018-03-06,14.6,14.67,14.51,14.64,58106871,42.98543447988032
2018-03-07,14.48,14.585,14.18,14.51,82999190,41.261315622102295
2018-03-08,14.5,14.64,14.41,14.52,48822603,41.45583855193417
2018-03-09,14.62,14.95,14.51,14.94,58882462,49.08270107118459
2018-03-12,15.02,15.33,14.96,15.1,70090137,51.6659761585727
2018-03-13,14.69,14.74,14.34,14.43,117996656,42.046081256795865
2018-03-14,14.46,14.59,14.235,14.27,56740772,40.1247261760645
2018-03-15,14.31,14.55,14.26,14.36,47236276,41.737517951835514
2018-03-16,14.34,14.42,14.175,14.31,112720462,41.07556591707486
2018-03-19,14.26,14.28,14.0,14.07,63730409,37.963213343047016
2018-03-20,14.1,14.11,13.62,13.64,87699197,33.120935301196624
2018-03-21,13.66,13.96,13.57,13.88,64989359,37.883299509985925
2018-03-22,13.75,13.79,13.32,13.35,70929333,32.39692428163691
2018-03-23,13.4,13.4499,13.02,13.07,82930120,29.930758449471853
2018-03-26,13.23,13.2395,12.73,12.89,101095809,28.43234935754296
2018-03-27,12.92,13.72,12.82,13.44,153476613,38.55459668041708
2018-03-28,13.52,13.95,13.085,13.68,139104727,42.384044761899425
2018-03-29,13.58,13.66,13.35,13.48,74514308,40.13904029983523
2018-04-02,13.45,13.54,12.96,13.12,72086963,36.40145790692264
2018-04-03,13.12,13.14,12.8,13.13,59785137,36.57812069496847
2018-04-04,12.82,13.3,12.79,13.28,57172424,39.301762208427874
2018-04-05,13.29,13.56,13.165,13.43,53526222,41.9848621516835
2018-04-06,13.32,13.47,12.93,13.06,63465872,37.572910416495446
2018-04-09,13.1,13.16,12.82,12.83,68332636,35.1034683342173
2018-04-10,13.01,13.14,12.95,13.05,57656791,39.21851569025685
2018-04-11,12.91,13.0799,12.85,12.97,50220026,38.268252362778746
2018-04-12,13.03,13.245,12.97,13.18,63631230,42.225583358073166
2018-04-13,13.41,13.68,13.36,13.49,71168492,47.56888822350221
2018-04-16,13.5,13.58,13.23,13.33,58279028,45.24310232057892
2018-04-17,13.38,13.87,13.36,13.79,72129064,52.442386516153306
2018-04-18,13.88,13.92,13.62,13.66,42983544,50.42465390468552
2018-04-19,13.67,14.06,13.63,13.99,87782256,55.142772613499886
2018-04-20,14.94,15.05,14.34,14.54,188686041,61.687313017339115
2018-04-23,14.75,14.78,14.39,14.52,73316830,61.336867660639285
2018-04-24,14.66,14.77,14.54,14.68,74261708,63.14089815870339
2018-04-25,14.72,14.73,13.91,14.05,110141573,52.711535749886544
2018-04-26,14.11,14.495,14.06,14.38,64858158,56.742139573108545
2018-04-27,14.22,14.48,14.19,14.38,48827621,56.742139573108545
2018-04-30,14.37,14.39,14.07,14.07,48534794,51.92074231897598
2018-05-01,14.08,14.09,13.825,14.05,51372461,51.61601969098843
2018-05-02,14.1,14.375,14.08,14.18,51678009,53.52533696490571
2018-05-03,14.19,14.19,13.85,13.93,60696993,49.48143916496153
2018-05-04,13.87,14.13,13.77,14.1,41908959,52.12992968471564
2018-05-07,14.09,14.18,14.0,14.07,32868455,51.615665826830536
2018-05-08,14.18,14.49,14.09,14.27,59336105,54.81587361959373
2018-05-09,14.35,14.68,14.3,14.62,50867876,59.82387241768431
2018-05-10,14.76,14.76,14.5,14.69,37480947,60.76060432892029
2018-05-11,14.74,14.77,14.52,14.6,28611050,58.86040296833292
2018-05-14,14.7,14.8,14.64,14.71,41033047,60.48690081879804
2018-05-15,14.7,14.72,14.565,14.71,35258722,60.48690081879804
2018-05-16,14.71,15.1,14.69,15.03,54623446,65.13721407791928
2018-05-17,15.12,15.24,14.92,15.03,50728581,65.13721407791928
2018-05-18,15.08,15.1,14.92,14.97,34363828,63.51179212523679
2018-05-21,15.36,15.55,15.2,15.26,77916849,67.7063441454447
2018-05-22,15.39,15.59,15.29,15.29,65739059,68.11469323461876
2018-05-23,15.2,15.21,14.11,14.18,147338565,45.293558733421044
2018-05-24,14.34,14.72,14.24,14.6,105414027,51.865103395029294
2018-05-25,14.61,14.665,14.41,14.63,49698718,52.30581157390153
2018-05-29,14.48,14.52,14.015,14.18,76044428,45.566538586170104
2018-05-30,14.14,14.24,14.02,14.17,52208405,45.42646886875652
2018-05-31,14.1,14.13,13.95,14.08,55456439,44.11220028461715
2018-06-01,14.1,14.15,13.95,14.1,56888824,44.49649791251084
2018-06-04,14.13,14.21,13.68,13.71,82416322,38.88191349195012
2018-06-05,13.71,13.93,13.52,13.8,70448426,40.74020779318551
2018-06-06,13.82,13.8857,13.63,13.64,62145270,38.499125679103415
2018-06-07,13.63,13.8,13.61,13.78,70982420,41.52994978630627
2018-06-08,13.78,14.07,13.71,13.93,50244868,44.675830514503815
2018-06-11,13.99,14.03,13.85,13.98,43601680,45.72411492904776
2018-06-12,14.03,14.14,13.91,13.98,41519137,45.72411492904776
2018-06-13,14.02,14.055,13.8301,13.89,35499835,43.98429718990543
2018-06-14,13.87,13.91,13.56,13.64,60671122,39.48938697319218
2018-06-15,13.51,13.52,13.3,13.3,96180108,34.348328289136106
2018-06-18,13.21,13.23,13.1,13.2,68340242,32.988029504452655
2018-06-19,13.06,13.07,12.9,12.95,77874464,29.80962009152414
2018-06-20,12.76,13.11,12.75,12.88,96425602,28.968002644334334
2018-06-21,12.81,12.82,12.61,12.76,70692167,27.532915166582185
2018-06-22,12.76,13.08,12.76,13.05,74119111,35.80917667418478
2018-06-25,13.03,13.05,12.74,12.75,76819797,31.76731155851938
2018-06-26,13.46,13.94,13.39,13.74,213833225,51.30170272938875
2018-06-27,13.86,14.435,13.8,13.96,135351284,54.42427939834672
2018-06-28,13.94,14.0,13.68,13.83,64430989,52.29060401203793
2018-06-29,13.83,13.9,13.57,13.61,71964493,48.80360686748158
2018-07-02,13.48,13.55,13.19,13.37,62773901,45.25795490888464
2018-07-03,13.35,13.49,13.3,13.37,32212405,45.25795490888464
2018-07-05,13.38,13.44,13.04,13.43,53542248,46.3872861692327
2018-07-06,13.37,13.9,13.32,13.85,60022367,53.602908757187095
2018-07-09,13.94,14.14,13.91,13.95,67061141,55.150647274261416
2018-07-10,14.0,14.18,13.98,14.17,60315084,58.435646210582355
2018-07-11,14.0565,14.29,13.99,13.99,47266123,54.892978970331015
2018-07-12,14.05,14.14,13.93,13.99,39824478,54.892978970331015
2018-07-13,13.97,14.07,13.88,13.89,48547196,52.82938190553434
2018-07-16,13.89,13.95,13.8,13.9,42860187,53.019581534610204
2018-07-17,13.85,13.89,13.65,13.69,59111582,48.588819512349254
2018-07-18,13.74,13.81,13.7,13.75,41035047,49.87763377426703
2018-07-19,13.72,13.88,13.615,13.73,74962779,49.43278615068055
2018-07-20,13.72,13.78,12.98,13.12,171336054,38.232628966219536
2018-07-23,13.02,13.12,12.9,12.99,90332759,36.34278712715397
2018-07-24,12.92,13.13,12.85,13.12,56666557,39.56014516564451
2018-07-25,13.13,13.15,12.96,13.11,53379420,39.395201201654636
2018-07-26,13.1,13.2701,13.06,13.15,54512038,40.46450036803039
2018-07-27,13.12,13.18,12.98,13.06,39333652,38.805477223917414
2018-07-30,13.04,13.21,13.01,13.16,39565013,41.66723579995093
2018-07-31,13.19,13.65,13.16,13.63,71693895,52.83201847221005
2018-08-01,13.55,13.55,13.24,13.24,44528340,45.1155982555669
2018-08-02,13.17,13.21,13.06,13.17,36575255,43.876880046493824
2018-08-03,13.15,13.25,13.1001,13.14,35245076,43.32781913227005
2018-08-06,13.12,13.18,13.06,13.1,32489289,42.56303166164832
2018-08-07,13.12,13.25,13.02,13.16,56603863,44.15535553836909
2018-08-08,13.19,13.19,12.97,13.05,40399416,41.863928683144586
2018-08-09,13.01,13.03,12.91,12.94,32487227,39.648131426735844
2018-08-10,12.91,12.91,12.71,12.77,48452261,36.438253536678815
2018-08-13,12.72,12.73,12.39,12.45,67099411,31.30121602379684
2018-08-14,12.48,12.6,12.32,12.35,49601633,29.883399948325717
2018-08-15,12.27,12.36,11.94,12.22,64707098,28.101373022071556
2018-08-16,12.26,12.36,12.205,12.3,51984321,30.83477416681501
2018-08-17,12.26,12.34,12.21,12.3,46945497,30.83477416681501
2018-08-20,12.27,12.39,12.14,12.3,37756535,30.83477416681501
2018-08-21,12.34,12.69,12.33,12.63,57947557,42.16310116090512
2018-08-22,12.61,12.62,12.42,12.47,43446212,38.841378718990654
2018-08-23,12.41,12.56,12.3899,12.54,38054589,41.030262627527705
2018-08-24,12.52,12.56,12.47,12.5,38669956,40.14605441210063
2018-08-27,12.48,12.78,12.45,12.77,44685653,48.252461372162955
2018-08-28,12.77,12.89,12.72,12.76,59069270,47.99320093222725
2018-08-29,12.77,12.98,12.67,12.97,47788479,53.62797863387949
2018-08-30,12.87,12.97,12.75,12.77,44667544,48.2645744274042
2018-08-31,12.73,12.95,12.7,12.94,50403142,52.60365360054096
2018-09-04,12.88,12.88,12.63,12.67,44836981,46.00421889912449
2018-09-05,12.45,12.58,12.235,12.56,55071573,43.60410523045516
2018-09-06,12.5,12.8,12.5,12.51,40619784,42.518250962807414
2018-09-07,12.39,12.44,12.27,12.4,45867179,40.14943682952116
2018-09-10,12.36,12.695,12.35,12.51,43370690,43.53712380982155
2018-09-11,12.439,12.47,12.23,12.33,40153939,39.588311301364925
2018-09-12,12.3,12.63,12.225,12.61,40185622,47.55664408551601
2018-09-13,12.67,12.75,12.43,12.71,54674832,50.08869295037513
2018-09-14,12.53,12.75,12.38,12.68,69969813,49.319376318091024
2018-09-17,12.61,12.8875,12.595,12.7,50671613,49.8721381251308
2018-09-18,12.67,12.75,12.56,12.66,42892800,48.727457047833504
2018-09-19,12.62,12.99,12.56,12.86,62102052,54.367188569091255
2018-09-20,12.59,12.69,12.36,12.46,88325588,43.95394335209454
2018-09-21,12.4,12.56,12.16,12.17,95419064,38.23594829342823
2018-09-24,12.0996,12.1,11.6,11.74,148589856,31.659328041238325
2018-09-25,11.73,11.76,11.22,11.27,133694188,26.328740604710532
2018-09-26,11.25,11.555,11.21,11.39,93374590,29.588496417544945
2018-09-27,11.37,11.75,11.36,11.53,82196212,33.29671778263193
2018-09-28,11.44,11.51,11.25,11.29,76574088,30.346224754339985
2018-10-01,13.02,13.07,11.94,12.09,308106768,47.15571731850832
2018-10-02,12.32,12.48,11.77,12.32,148705750,50.82968605808878
2018-10-03,12.34,12.63,12.28,12.48,82966087,53.26394263658405
2018-10-04,12.41,12.68,12.34,12.66,74912117,55.90851412663642
2018-10-05,12.88,13.3,12.86,13.18,151160449,62.508610762496545
2018-10-08,13.52,13.64,13.26,13.61,172649544,66.9185256860805
2018-10-09,13.71,13.78,13.41,13.55,110448096,65.75626567060411
2018-10-10,13.39,13.66,13.23,13.28,91943040,60.65128462342873
2018-10-11,13.12,13.285,12.66,12.72,116161903,51.68820262859677
2018-10-12,12.53,12.83,12.2,12.32,123208499,46.41218729151102
2018-10-15,12.25,12.5,12.14,12.15,62640173,44.34066124824254
2018-10-16,12.23,12.29,12.0,12.1,86485825,43.72254584019541
2018-10-17,12.25,12.56,12.115,12.19,83433100,45.203286840866426
2018-10-18,12.14,12.43,12.06,12.38,81520234,48.2961675472963
2018-10-19,12.28,12.73,12.26,12.56,86785513,51.111434252734476
2018-10-22,12.59,12.63,12.33,12.38,50243479,48.280355494759625
2018-10-23,12.15,12.74,12.08,12.69,81885020,53.098647558333056
2018-10-24,12.71,12.81,12.14,12.17,83360317,45.4498015903879
2018-10-25,12.2,12.28,11.715,11.8,88241090,40.93170646526779
2018-10-26,11.59,11.6458,11.17,11.3,117612663,35.75854346235627
2018-10-29,11.429,11.73,10.93,11.16,119848664,34.44581328269376
2018-10-30,10.56,11.4,9.87,10.18,344976676,26.97941839013251
2018-10-31,10.18,10.39,9.8,10.1,201878603,26.474922303762625
2018-11-01,10.01,10.23,9.54,9.58,236367367,23.410591509865483
2018-11-02,9.62,9.66,9.065,9.29,263514635,21.888973354478395
2018-11-05,9.39,9.5308,9.27,9.28,124389024,21.836267557243517
2018-11-06,9.36,9.535,9.36,9.42,112928202,24.57446105870352
2018-11-07,9.45,9.46,9.14,9.2,124020667,23.199122160199707
2018-11-08,9.14,9.341000000000001,9.05,9.1,161796786,22.58050581226962
2018-11-09,8.79,8.96,8.15,8.58,273542260,19.646722822956917
2018-11-12,8.42,8.45,7.72,7.99,245188891,16.955026055557013
2018-11-13,8.02,9.05,7.97,8.61,205815973,28.102448879118143
2018-11-14,8.76,8.85,8.19,8.32,170169781,26.32260856894372
2018-11-15,8.24,8.5968,8.0601,8.17,128474929,25.425621077273988
2018-11-16,8.08,8.2,7.73,8.02,176608926,24.52558179800799
2018-11-19,7.99,8.24,7.785,7.84,148077303,23.452707575494017
2018-11-20,7.67,7.855,7.53,7.65,143309529,22.34171348347492
2018-11-21,7.79,7.93,7.73,7.81,84442845,25.540533085391047
2018-11-23,7.78,7.86,7.55,7.57,43471127,23.947110373512672
2018-11-26,7.61,7.74,7.26,7.58,158647765,24.15942314265179
2018-11-27,7.49,7.63,7.37,7.44,110407012,23.18363692247263
2018-11-28,7.39,7.77,7.37,7.74,124307224,29.73297748405065
2018-11-29,7.65,8.0,7.49,7.94,123383251,33.78607092612245
2018-11-30,7.66,7.68,7.4,7.5,187082938,29.72398206330527
2018-12-03,7.54,7.95,7.53,7.81,130639888,35.5988617185906
2018-12-04,7.75,7.81,7.28,7.28,133329757,30.85041376715735
2018-12-06,7.2,7.39,7.15,7.35,112965740,32.13792072998659
2018-12-07,7.3,7.38,6.99,7.01,114480098,29.28571174079096
2018-12-10,6.97,7.12,6.75,6.93,112841778,28.641606698187374
2018-12-11,7.04,7.13,6.66,6.76,124580597,27.26909739548742
2018-12-12,6.84,7.025,6.7,6.71,105819951,26.861386689953065
2018-12-13,7.49,7.5,7.12,7.2,207282025,36.829370339633044
2018-12-14,7.08,7.25,6.995,7.1,128800697,35.75828067832593
2018-12-17,7.09,7.23,7.0120000000000005,7.15,129731132,36.748782122732706
2018-12-18,7.18,7.625,7.16,7.28,146773503,39.36641788402326
2018-12-19,7.64,7.95,7.55,7.66,219474200,46.355077278229544
2018-12-20,7.65,7.82,7.36,7.44,182353570,43.24720968415665
2018-12-21,7.32,7.45,7.1,7.15,185651346,39.48883937478512
2018-12-24,7.06,7.13,6.9,6.92,70010438,36.76027181114648
2018-12-26,6.99,7.41,6.77,7.39,129838565,45.10726264044781
2018-12-27,7.18,7.27,6.95,7.27,119778563,43.52757055813659
2018-12-28,7.19,7.65,7.19,7.51,121670845,47.48848274983435
2018-12-31,7.52,7.62,7.35,7.57,108361489,48.461708195726054
2019-01-02,7.46,8.18,7.41,8.05,129354094,55.55793924901977
2019-01-03,8.02,8.2,7.7801,8.06,122949016,55.694805327119596
2019-01-04,8.19,8.26,7.98,8.23,120083766,58.05946788595775
2019-01-07,8.545,8.79,8.29,8.74,179684443,64.22778019632861
2019-01-08,8.91,9.04,8.515,8.56,146980417,60.82746520866991
2019-01-09,8.52,8.76,8.18,8.5,116306329,59.69302078937786
2019-01-10,8.5,8.95,8.485,8.94,112341452,64.86762485104401
2019-01-11,8.87,8.95,8.72,8.94,80669289,64.86762485104401
2019-01-14,8.81,9.0,8.76,8.9,81678101,64.00133625600353
2019-01-15,8.91,8.93,8.7,8.73,94058188,60.31469123176744
2019-01-16,8.71,9.0,8.66,8.98,84265676,63.63236102756193
2019-01-17,8.9,9.1867,8.75,9.14,105792241,65.61367721718592
2019-01-18,9.23,9.25,9.03,9.06,92734517,63.74372375143601
2019-01-22,8.9795,8.99,8.56,8.66,108172008,55.26312444055169
2019-01-23,8.69,8.84,8.61,8.73,72385915,56.35738958372279
2019-01-24,8.63,8.97,8.61,8.78,90331550,57.1633779625337
2019-01-25,8.85,9.21,8.84,9.16,112339638,62.78806755390742
2019-01-28,8.98,9.0,8.75,8.93,91635871,57.83784872724359
2019-01-29,8.9,9.13,8.65,8.9,114467693,57.204337460944934
2019-01-30,8.98,9.28,8.88,9.1,86434567,60.32437229258673
2019-01-31,9.94,10.77,9.76,10.16,348639470,71.98289454429435
2019-02-01,10.2,10.43,9.96,10.19,158161788,72.23159166618984
2019-02-04,10.27,10.34,10.1,10.21,103243874,72.40743785021104
2019-02-05,10.25,10.65,10.17,10.63,102823122,75.86404780508846
2019-02-06,10.6701,10.91,10.43,10.47,120486531,72.15566826928742
2019-02-07,10.42,10.44,9.97,10.06,108704197,63.57914264934472
2019-02-08,10.01,10.1,9.54,9.81,118549512,58.975973934064505
2019-02-11,9.87,10.15,9.83,10.03,70687506,61.610043276965165
2019-02-12,10.07,10.155,9.91,9.98,67122315,60.65680718466949
2019-02-13,9.98,10.42,9.95,10.37,98937023,65.18195372708374
2019-02-14,10.29,10.3,9.95,10.04,93387111,58.99841084715682
2019-02-15,10.12,10.28,10.06,10.09,78344511,59.62341136071507
2019-02-19,10.03,10.15,9.95,10.13,63568393,60.14679198514334
2019-02-20,10.09,10.13,10.01,10.1,48648592,59.52359816121802
2019-02-21,10.03,10.195,10.0,10.03,49533182,58.01317452962748
2019-02-22,10.05,10.18,9.99,10.17,50741310,60.189015700242926
2019-02-25,11.57,11.75,10.78,10.82,290232426,68.38164682022955
2019-02-26,10.785,10.895,10.53,10.66,103990626,64.8442539757795
2019-02-27,10.83,10.93,10.64,10.88,108833393,67.34559493454702
2019-02-28,10.82,10.85,10.33,10.39,90862093,57.527829583031654
2019-03-01,10.45,10.52,10.05,10.27,89000221,55.397893576970134
2019-03-04,10.32,10.515,10.215,10.38,69762946,56.97060809952629
2019-03-05,10.38,10.57,9.58,9.89,178783618,48.72805615543451
2019-03-06,9.26,9.64,9.05,9.11,205777726,39.04415993223536
2019-03-07,9.08,9.45,9.07,9.45,127481095,44.24555163668453
2019-03-08,9.33,9.68,9.28,9.58,87518653,46.13804965584703
2019-03-11,9.45,10.02,9.33,9.9,106050446,50.584471511638505
2019-03-12,9.93,10.14,9.66,9.76,99369549,48.69065899673149
2019-03-13,9.73,10.05,9.7,10.02,74164484,52.26492882646077
2019-03-14,10.3,10.5,10.195,10.3,133870752,55.83318744415825
2019-03-15,10.29,10.445,9.9,9.96,189194132,50.86139921757182
2019-03-18,9.99,10.31,9.97,10.2,91647450,53.97680063868018
2019-03-19,10.22,10.34,10.14,10.19,54680925,53.823678479313976
2019-03-20,10.13,10.33,10.12,10.22,48370030,54.24304519442102
2019-03-21,10.2,10.33,10.13,10.27,50518944,54.97695538419673
2019-03-22,10.22,10.24,9.92,9.98,81563530,49.97069042982993
2019-03-25,9.96,10.13,9.81,9.88,49727745,48.33616376246144
2019-03-26,9.95,10.15,9.93,10.1,47620198,52.05198376633556
