timestamp,open,high,low,close,volume,sma20,ema20
2019-03-13,5.6,5.68,5.27,5.43,3534216,5.857,5.76210023145692
2019-03-12,5.32,5.61,5.1735,5.5,6063621,5.904999999999999,5.797058150557648
2019-03-11,5.1,5.46,4.96,5.34,4482795,5.941,5.828327429563716
2019-03-08,4.97,5.16,4.95,5.1,4535616,5.991999999999999,5.879730316886213
2019-03-07,5.44,5.45,5.17,5.2,4074154,6.063999999999999,5.961807192347919
2019-03-06,5.58,5.65,5.32,5.48,3733594,6.1435,6.041997423121384
2019-03-05,5.63,5.73,5.5,5.59,3260706,6.2365,6.101155046607846
2019-03-04,5.83,5.85,5.4,5.7,5433779,6.320000000000001,6.154960840987619
2019-03-01,5.97,5.99,5.76,5.89,4109999,6.392500000000001,6.202851455828421
2019-02-28,5.65,5.955,5.51,5.87,6889482,6.453500000000001,6.2357831880208865
2019-02-27,5.63,5.65,5.23,5.59,9668467,6.5120000000000005,6.274286681496769
2019-02-26,5.73,5.87,5.59,5.65,7322970,6.576000000000002,6.346316858496429
2019-02-25,6.06,6.0899,5.81,5.89,5418400,6.648500000000001,6.419613369917106
2019-02-22,6.27,6.3,5.7,6.14,5960801,6.684500000000002,6.475362145697853
2019-02-21,6.32,6.42,6.23,6.31,3067264,6.703000000000001,6.510663424192364
2019-02-20,6.3,6.47,6.26,6.37,3305583,6.7090000000000005,6.531785889896823
2019-02-19,6.47,6.59,6.2,6.35,5032005,6.6915000000000004,6.548815983570173
2019-02-15,6.65,6.7179,6.41,6.52,4325000,6.6955,6.569743981840718
2019-02-14,6.5,6.73,6.45,6.6,4196161,6.7014999999999985,6.5749801904555305
2019-02-13,6.25,6.62,6.24,6.62,7426973,6.7035,6.572346526292955
2019-02-12,6.09,6.58,6.05,6.39,8699669,6.726999999999999,6.567330371165897
2019-02-11,6.33,6.47,6.09,6.22,5835983,6.757999999999998,6.585996726025465
2019-02-08,6.41,6.48,6.05,6.36,9054266,6.7559999999999985,6.62452269718604
2019-02-07,6.55,6.91,6.35,6.54,10025015,6.739999999999999,6.652367191626676
2019-02-06,7.08,7.1444,6.641,6.79,13791931,6.717999999999999,6.664195317061063
2019-02-05,7.39,7.46,7.05,7.34,10504677,6.653999999999999,6.650952718856964
2019-02-04,7.15,7.79,7.15,7.26,21146915,6.5605,6.5784214261050655
2019-02-01,7.11,7.37,7.01,7.15,10948528,6.468500000000001,6.506676313063493
2019-01-31,7.12,7.33,7.04,7.11,8734924,6.381000000000001,6.438958030228071
2019-01-30,6.89,7.45,6.72,7.04,18616457,6.290000000000001,6.3683220334099735
2019-01-29,7.02,7.18,6.66,6.87,10829751,6.198000000000001,6.297619089558392
2019-01-28,6.57,7.27,6.5001,7.1,15589738,6.116000000000001,6.237368467406643
2019-01-25,6.56,6.75,6.36,6.61,8983366,6.0230000000000015,6.14656514818629
2019-01-24,6.45,6.7,6.32,6.51,7660363,5.956500000000001,6.097782532205899
2019-01-23,6.06,6.6,6.03,6.43,10356419,5.867000000000001,6.05439121980652
2019-01-22,6.41,6.49,5.95,6.02,9382448,5.817500000000001,6.014853453470365
2019-01-18,6.75,6.87,6.4,6.43,9936374,5.846500000000001,6.014311711730404
2019-01-17,6.52,6.88,6.32,6.64,11863084,5.8285,5.970555049807288
2019-01-16,6.86,7.14,6.51,6.64,22659926,5.814500000000001,5.900087160313318
2019-01-15,7.5,7.62,6.9,7.09,31784769,5.8149999999999995,5.822201598241036
2019-01-14,6.41,7.38,6.3501,7.01,28757867,5.757499999999999,5.6887491348979875
2019-01-11,6.13,6.415,6.1,6.18,10424013,5.7015,5.549670096466197
2019-01-10,6.12,6.45,5.6,6.04,13678866,5.693,5.483319580304744
2019-01-09,5.5,6.165,5.45,6.1,13966745,5.663,5.4247216413894535
2019-01-08,5.55,5.6,5.38,5.51,5451172,5.610000000000001,5.353639708904133
2019-01-07,5.59,5.7,5.36,5.47,6782132,5.569000000000001,5.337180730894041
2019-01-04,5.38,5.65,5.31,5.42,8401813,5.5345,5.323199755198678
2019-01-03,5.23,5.85,5.08,5.4,13526460,5.492500000000001,5.3130102557459065
2019-01-02,5.07,5.39,4.99,5.29,6122390,5.475,5.303853440561265
2018-12-31,5.25,5.33,5.02,5.2,4790360,5.441999999999999,5.305311697462451
2018-12-28,5.23,5.35,5.02,5.23,5896956,5.403,5.316397139300603
2018-12-27,5.24,5.3599,4.92,5.24,6915927,5.3629999999999995,5.325491575016456
2018-12-26,5.1,5.31,4.9,5.28,9510189,5.281999999999999,5.334490688176083
2018-12-24,4.87,5.35,4.71,4.72,9459483,5.204999999999999,5.340226550089355
2018-12-21,6.46,6.48,5.2,5.44,21477330,5.165999999999999,5.405513555361918
2018-12-20,6.19,6.85,6.09,6.6,17596774,5.084499999999999,5.401883403294752
2018-12-19,6.35,6.59,6.02,6.07,10957836,4.945499999999999,5.275765866799463
2018-12-18,6.8,6.9,6.17,6.36,18005972,4.8465,5.192162273830985
2018-12-17,5.95,6.75,5.94,6.65,26658477,4.743,5.069231986865826
2018-12-14,5.65,6.0,5.36,5.94,13922440,4.6034999999999995,4.902835353904334
2018-12-13,6.5,6.73,5.8,5.89,32363051,4.463,4.793660127999527
2018-12-12,5.61,6.28,5.46,6.01,33244982,4.3315,4.678255930946845
2018-12-11,5.14,5.88,5.01,5.44,26861824,4.203,4.538072344730724
2018-12-10,4.71,5.09,4.7,5.04,10635750,4.111,4.443132591544484
2018-12-07,4.9,5.06,4.58,4.69,9698249,4.0935,4.3803044432860085
2018-12-06,4.26,4.85,4.15,4.78,8131048,4.1129999999999995,4.347704911000325
2018-12-04,4.94,5.01,4.5,4.58,12627702,4.0855,4.302200164789833
2018-12-03,5.31,5.35,4.72,5.05,25478722,4.076,4.272958076872974
2018-11-30,4.39,4.75,4.2602,4.63,12409434,4.035,4.191164190228024
2018-11-29,4.31,4.82,4.07,4.42,20157440,4.0185,4.144970947094132
2018-11-28,3.69,4.65,3.61,4.43,19495808,4.024,4.116020520472461
2018-11-27,3.73,3.77,3.35,3.62,5989378,3.997,4.082970048943247
2018-11-26,4.08,4.15,3.69,3.74,7692816,4.002,4.131703738305695
2018-11-23,3.78,4.25,3.75,3.94,7621314,4.025,4.172935710758925
2018-11-21,3.9,4.04,3.79,3.81,5485496,4.049,4.197455259259865
2018-11-20,3.76,3.98,3.68,3.82,10638095,4.0835,4.238240023392482
2018-11-19,4.37,4.47,3.93,4.09,13456190,4.1505,4.282265289012743
2018-11-16,3.82,4.5,3.65,4.29,27824442,4.1905,4.302503740487769
2018-11-15,3.6,4.11,3.3,3.86,27583020,4.268,4.303819923697008
2018-11-14,3.13,3.39,3.03,3.13,4812844,4.4030000000000005,4.350537810401955
2018-11-13,3.34,3.43,3.03,3.26,6322657,4.5655,4.479015474654793
2018-11-12,3.71,3.7489999999999997,3.35,3.44,4997951,4.752000000000001,4.6073328930395085
2018-11-09,3.65,3.84,3.45,3.6,18495294,4.9495000000000005,4.730210039675247
2018-11-08,4.99,5.09,4.53,4.69,10508443,5.079,4.849179517535799
2018-11-07,4.45,5.4,4.28,5.08,17288438,5.1415,4.865935256223778
2018-11-06,4.38,4.64,4.15,4.23,7813166,5.1884999999999994,4.843402125299964
2018-11-05,4.15,4.58,3.93,4.39,6304467,5.2635,4.907970770068382
2018-11-02,4.2,4.3748,4.15,4.23,2619129,5.413500000000001,4.962494009022949
2018-11-01,4.48,4.6,4.11,4.3,6900362,5.625500000000001,5.039598641551681
2018-10-31,3.9,4.64,3.85,4.53,9713628,5.837999999999999,5.117451130136068
2018-10-30,3.61,4.04,3.56,3.89,4299005,6.017,5.179288091203023
2018-10-29,4.17,4.3678,3.61,3.72,6260771,6.1875,5.315002627119131
2018-10-26,4.2,4.58,4.07,4.2,4554289,6.449,5.4828976405000915
2018-10-25,4.33,4.79,4.33,4.42,4767211,6.5065,5.617939497394838
2018-10-24,5.15,5.25,4.4,4.5,8089728,6.489999999999999,5.744038391857453
2018-10-23,4.05,5.48,3.93,5.16,13799730,6.487,5.874989801526659
2018-10-22,5.73,5.74,4.56,4.89,11014976,6.452,5.9502518858978855
2018-10-19,6.58,6.65,5.77,5.84,9326075,6.405499999999999,6.0618573475713475
2018-10-18,6.41,6.9,6.22,6.56,6573330,6.420999999999999,6.085210752578858
2018-10-17,6.5,6.95,6.2,6.38,9135561,6.485499999999999,6.035232937060843
2018-10-16,7.75,7.75,6.8,6.99,17343558,6.385,5.998941667277774
2018-10-15,6.23,7.48,6.11,7.39,25185629,6.176499999999999,5.894619737517539
2018-10-12,6.17,6.49,6.02,6.19,11184290,5.921999999999999,5.737211288835175
2018-10-11,5.53,5.97,5.48,5.94,9456710,5.691999999999999,5.6895493192388775
2018-10-10,6.6,6.65,5.8,6.02,19758352,5.473499999999999,5.663186089685075
2018-10-09,6.85,6.88,5.66,5.73,24595760,5.2559999999999985,5.625626730704557
2018-10-08,7.86,8.06,6.86,7.39,25284771,5.054499999999999,5.61464007077872
2018-10-05,9.0,9.3,8.15,8.47,42739976,4.7764999999999995,5.427760078229112
2018-10-04,8.66,9.48,7.36,8.55,67101893,4.438,5.107524296990071
2018-10-03,7.01,8.5,6.5,8.11,48187261,4.1125,4.745158433515342
2018-10-02,7.86,8.65,6.6,7.3,74627576,3.804500000000001,4.390964584411694
2018-10-01,6.88,8.95,6.43,8.95,96100806,3.522000000000001,4.08475033013924
2018-09-28,4.45,5.72,4.23,5.35,49238223,3.1485000000000003,3.572618785943371
2018-09-27,4.36,4.418,4.0,4.09,11328900,2.9562500000000003,3.3855260265689893
2018-09-26,4.67,4.76,4.35,4.44,13179470,2.8277500000000004,3.3113708714709884
2018-09-25,4.81,5.19,4.26,4.46,29839589,2.676750000000001,3.19256780531004
2018-09-24,4.4,5.26,3.61,3.96,43658996,2.5272500000000004,3.059153890079518
2018-09-21,8.92,9.99,5.71,6.15,103997223,2.3952500000000003,2.964327983772099
2018-09-20,5.68,7.85,5.27,7.85,129919612,2.15425,2.6289940873270568
2018-09-19,3.35,4.94,3.04,4.37,86804685,1.8277499999999995,2.07941451757201
2018-09-18,2.5,3.03,2.241,2.82,50984031,1.6885,1.8383002562638007
2018-09-17,2.05,2.35,1.69,2.3,16832896,1.6244999999999998,1.7349634411336745
2018-09-14,1.59,1.65,1.53,1.59,672575,1.5924999999999996,1.6754859086214298
2018-09-13,1.67,1.69,1.55,1.57,1135172,1.6019999999999999,1.6844844253184224
2018-09-12,1.69,1.71,1.61,1.67,825441,1.6165000000000003,1.6965354174572036
2018-09-11,1.86,1.86,1.65,1.7,1612459,1.6285,1.699328619294804
2018-09-10,1.71,1.87,1.68,1.83,1968581,1.6295000000000002,1.6992579476416256
2018-09-07,2.01,2.0188,1.61,1.7,4335269,1.6279999999999997,1.6854956263407441
2018-09-06,2.4,2.45,1.95,2.04,17768177,1.6355,1.6839688501660857
2018-09-05,1.83,2.4,1.5,1.95,7100962,1.6235,1.6464918870256735
2018-09-04,1.58,1.79,1.53,1.65,1580540,1.6150000000000002,1.6145436646073232
2018-08-31,1.52,1.54,1.48,1.48,643601,1.6235,1.6108114187765152
2018-08-30,1.5,1.54,1.4683,1.505,387485,1.6440000000000001,1.6245810418056221
2018-08-29,1.42,1.59,1.42,1.52,1259354,1.6672500000000003,1.6371685198904244
2018-08-28,1.5,1.58,1.38,1.42,1411514,1.6927499999999998,1.6495020482999427
2018-08-27,1.38,1.54,1.33,1.47,1324339,1.7232500000000002,1.6736601586473052
2018-08-24,1.36,1.3862,1.31,1.32,430975,1.7547500000000003,1.6950980700838636
2018-08-23,1.38,1.38,1.3,1.33,685230,1.7962500000000001,1.7345820774611125
2018-08-22,1.33,1.43,1.3,1.32,2881974,1.8410000000000004,1.7771696645622823
2018-08-21,1.53,1.62,1.5,1.585,357357,1.8855000000000004,1.8252927871477858
2018-08-20,1.7,1.7099,1.41,1.54,943694,1.9142500000000005,1.8505867647422896
2018-08-17,1.88,1.88,1.65,1.66,578387,1.95225,1.8832801083993727
2018-08-16,1.86,1.88,1.76,1.78,307542,1.9832500000000004,1.90678327770457
2018-08-15,1.9,1.9385,1.78,1.86,246027,1.9937500000000004,1.9201288858839982
2018-08-14,1.75,1.99,1.75,1.91,785295,2.00125,1.9264582422928402
2018-08-13,1.89,2.0,1.71,1.72,933247,2.0032500000000004,1.9281906888499813
2018-08-10,1.88,1.88,1.71,1.8,268991,2.01425,1.950105498202611
2018-08-09,1.82,1.8797,1.781,1.85,129188,2.02225,1.9659060769607806
2018-08-08,1.77,1.849,1.76,1.8,129608,2.02675,1.9781067166408628
2018-08-07,1.75,1.8299,1.75,1.78,297004,2.03675,1.996854792076743
2018-08-06,1.91,1.92,1.791,1.82,199522,2.04675,2.0196816122953476
2018-08-03,1.97,2.01,1.86,1.89,373514,2.0577499999999995,2.0407007293790684
2018-08-02,2.0,2.03,1.9,1.97,438910,2.0647499999999996,2.0565639640505493
2018-08-01,1.99,2.135,1.98,2.03,335449,2.0692500000000003,2.0656759602663968
2018-07-31,2.09,2.13,1.99,2.03,223037,2.05825,2.069431324504965
2018-07-30,2.16,2.2245,2.08,2.1,128093,2.04625,2.07358199024233
2018-07-27,2.24,2.24,2.1,2.15,156626,2.0347500000000003,2.0708011471099432
2018-07-26,2.2,2.2613,2.14,2.225,159404,2.0177500000000004,2.0624644257530953
2018-07-25,2.16,2.2883,2.1,2.21,189458,1.996,2.0453554179376314
2018-07-24,2.36,2.36,2.12,2.16,203496,1.9825,2.0280244092994875
2018-07-23,2.35,2.4090000000000003,2.2,2.3,362833,1.9749999999999996,2.0141322418573284
2018-07-20,1.97,2.41,1.97,2.28,962265,1.9685,1.984040898894942
2018-07-19,2.03,2.074,1.97,1.99,179087,1.9599999999999997,1.952887309304936
2018-07-18,1.96,2.01,1.92,2.01,149877,1.9855,1.9489807102844028
2018-07-17,1.93,2.03,1.91,1.95,147379,1.9889999999999997,1.9425576271564453
2018-07-16,1.95,2.01,1.87,1.94,199383,1.9914999999999998,1.9417742194887027
2018-07-13,1.94,1.98,1.89,1.96,202949,1.989,1.941960979434882
2018-07-12,2.0,2.04,1.9,1.94,128341,1.9769999999999999,1.9400621351648697
2018-07-11,1.98,2.05,1.98,2.0,110144,1.9650000000000003,1.9400686757085401
2018-07-10,2.18,2.18,1.97,1.98,226875,1.9505000000000003,1.9337601152568076
2018-07-09,2.06,2.1,1.94,2.04,277631,1.9365000000000006,1.9288927589680505
2018-07-06,2.06,2.29,2.0009,2.03,383645,1.9200000000000004,1.9171972599120557
2018-07-05,1.81,2.09,1.81,2.06,556570,1.9055,1.9053232872712194
2018-07-03,1.84,1.84,1.77,1.81,79650,1.8885,1.8890415280366109
2018-07-02,1.87,1.89,1.77,1.79,138478,1.8835000000000002,1.89736168888257
2018-06-29,1.83,1.9,1.8001,1.87,212286,1.8800000000000001,1.9086629192912616
2018-06-28,1.81,1.83,1.7209999999999999,1.81,344863,1.8744999999999998,1.912732700269289
2018-06-27,1.93,1.93,1.76,1.79,564946,1.8734999999999995,1.923546668718688
2018-06-26,2.03,2.0775,1.92,1.94,294492,1.8734999999999995,1.9376042127943394
2018-06-25,2.2,2.2,2.0,2.01,295288,1.8625,1.9373520246674278
2018-06-22,2.11,2.17,2.0201,2.17,320161,1.8505000000000003,1.9297048693692624
2018-06-21,2.52,2.5267,2.06,2.11,1054882,1.8285,1.9044106450923426
2018-06-20,2.15,2.58,2.1,2.5,1146239,1.8094999999999994,1.8827696603652209
2018-06-19,2.02,2.11,1.8901,2.08,486465,1.7724999999999995,1.817798045666823
2018-06-18,1.84,2.1,1.84,2.0,483311,1.7544999999999997,1.7901978399475411
2018-06-15,1.72,1.89,1.7,1.89,408884,1.7430000000000003,1.7681134020472824
2018-06-14,1.71,1.74,1.56,1.72,460217,1.7399999999999998,1.7552832338417332
2018-06-13,1.71,1.72,1.7,1.7,123823,1.7465,1.7589972584566524
2018-06-12,1.72,1.7332,1.7,1.71,163197,1.759,1.7652074961889317
2018-06-11,1.71,1.74,1.7,1.7,198193,1.7780200000000004,1.7710188115772403
2018-06-08,1.74,1.74,1.71,1.71,124353,1.78602,1.778494475953792
2018-06-07,1.74,1.75,1.72,1.74,161157,1.7925200000000001,1.7857044207910333
2018-06-06,1.72,1.78,1.71,1.72,192607,1.79752,1.7905154124532474
2018-06-05,1.73,1.7447,1.7,1.71,135112,1.8045200000000001,1.7979380874483262
2018-06-04,1.74,1.77,1.7,1.72,234396,1.8115199999999998,1.8071947282323606
2018-06-01,1.83,1.84,1.7,1.76,277683,1.8195200000000002,1.8163731206778722
2018-05-31,1.78,1.85,1.75,1.79,471288,1.8240200000000002,1.822307133380806
2018-05-30,1.74,1.8,1.72,1.79,130272,1.8275200000000003,1.8257078842629961
2018-05-29,1.76,1.83,1.72,1.72,497548,1.8335199999999996,1.8294666089222589
2018-05-25,1.79,1.79,1.75,1.77,228545,1.8395199999999998,1.840989409861444
2018-05-24,1.74,1.75,1.7,1.73,187088,1.8450200000000003,1.8484619793205435
2018-05-23,1.75,1.79,1.73,1.73,170578,1.8580200000000002,1.8609316613542848
2018-05-22,1.86,1.86,1.73,1.76,384704,1.8580199999999998,1.874713941496841
2018-05-21,1.78,1.83,1.72,1.72,246428,1.8595199999999998,1.8867890932333506
2018-05-18,1.85,1.85,1.75,1.77,384478,1.85902,1.9043458398894928
2018-05-17,1.86,1.92,1.82,1.83,238997,1.8570199999999997,1.9184875072462815
2018-05-16,1.85,1.92,1.76,1.85,1106733,1.8520199999999996,1.9278019816932586
2018-05-15,2.1,2.15,1.9,1.95,425177,1.8550199999999997,1.9359916639767594
2018-05-14,1.88,2.28,1.88,2.0904,1322729,1.8540199999999996,1.9345171022901024
2018-05-11,1.84,1.89,1.7944,1.86,217194,1.8435,1.9181083762153763
2018-05-10,1.86,1.8694,1.8201,1.84,147646,1.8410000000000004,1.9242250473959424
2018-05-09,1.85,1.9,1.81,1.84,143916,1.8415000000000004,1.9330908418586732
2018-05-08,1.86,1.95,1.8,1.86,198101,1.8370000000000002,1.9428898778437966
2018-05-07,1.9,1.91,1.84,1.85,168934,1.831,1.9516151281431438
2018-05-04,1.84,1.95,1.81,1.88,320591,1.8425,1.9623114574213694
2018-05-03,1.86,1.87,1.78,1.85,294623,1.8544999999999998,1.970975821360461
2018-05-02,1.9,1.929,1.85,1.86,268717,1.879,1.9837101183457726
2018-05-01,1.84,1.92,1.81,1.91,185772,1.9015,1.9967322360663802
2018-04-30,1.9,1.98,1.81,1.84,427495,1.9220000000000002,2.005861945125999
2018-04-27,2.03,2.1,1.85,1.88,892960,1.9525000000000001,2.0233210972445255
2018-04-26,1.79,2.06,1.77,1.99,1463187,1.9795000000000003,2.0384075285334227
2018-04-25,1.83,1.85,1.7,1.73,432795,2.004,2.0435030578527305
2018-04-24,1.75,1.9,1.7109999999999999,1.79,955737,2.0464999999999995,2.076503379731965
2018-04-23,1.75,1.77,1.66,1.71,458172,2.0829999999999997,2.1066616302300667
2018-04-20,1.75,1.76,1.65,1.73,686866,2.133,2.148415486043758
2018-04-19,1.9,1.9,1.72,1.73,1012703,2.1905,2.1924592214167853
2018-04-18,2.09,2.15,1.8,1.91,1627660,2.2565,2.2411391394606572
2018-04-17,1.9,1.97,1.82,1.93,624808,2.3145000000000002,2.2759958909828315
2018-04-16,1.83,1.9397,1.78,1.88,471133,2.3750000000000004,2.3124165110862873
2018-04-13,1.87,1.87,1.7416,1.81,226769,2.4404999999999997,2.3579340385690544
2018-04-12,1.76,1.98,1.72,1.85,918209,2.5084999999999997,2.4156113057868493
2018-04-11,1.75,1.77,1.675,1.75,532363,2.582,2.4751493379749387
2018-04-10,1.75,1.7599,1.62,1.74,2901984,2.6635,2.5514808472354584
2018-04-09,2.15,2.1949,2.04,2.08,445579,2.7515,2.636899883786559
2018-04-06,2.32,2.4224,2.05,2.12,420306,2.822,2.695520924185144
2018-04-05,2.31,2.45,2.26,2.34,137249,2.89,2.7561020740993696
2018-04-04,2.3,2.4,2.29,2.31,141368,2.9445000000000006,2.799902292425619
2018-04-03,2.44,2.4601,2.28,2.32,308438,3.0050000000000003,2.8514709547862105
2018-04-02,2.42,2.505,2.38,2.45,174638,3.0550000000000006,2.9074152658163377
2018-03-29,2.48,2.54,2.3,2.42,402155,3.0945000000000005,2.9555642411654257
2018-03-28,2.58,2.58,2.34,2.48,297817,3.1335000000000006,3.011939424445997
2018-03-27,2.53,2.6899,2.48,2.58,465238,3.1705000000000005,3.0679330480718914
2018-03-26,2.36,2.55,2.21,2.52,1615685,3.2030000000000007,3.119294421553143
2018-03-23,2.88,2.89,2.69,2.71,386680,3.2439999999999998,3.1823780448745267
2018-03-22,3.0,3.029,2.85,2.88,211480,3.2735,3.232102049598161
2018-03-21,3.05,3.09,2.97,3.05,96819,3.2904999999999993,3.269165423240073
2018-03-20,3.13,3.13,2.94,3.07,243417,3.3055,3.2922354677916594
2018-03-19,3.19,3.19,3.02,3.14,142970,3.318,3.3156286749276234
2018-03-16,3.15,3.19,3.02,3.19,199729,3.3335,3.334115903867373
2018-03-15,3.34,3.34,3.13,3.17,250808,3.3455000000000004,3.349285999011307
2018-03-14,3.38,3.39,3.26,3.32,132335,3.3609999999999998,3.36815820943355
2018-03-13,3.5,3.5,3.3,3.38,110196,3.3609999999999993,3.3732274946370815
2018-03-12,3.5,3.5,3.44,3.5,142323,3.348,3.3725145993357217
2018-03-09,3.49,3.54,3.38,3.49,159177,3.3284999999999996,3.359095083476324
2018-03-08,3.43,3.54,3.33,3.48,125564,3.3214999999999995,3.345315618579095
2018-03-07,3.4,3.6289999999999996,3.36,3.43,189654,3.318,3.331138315271631
2018-03-06,3.39,3.55,3.33,3.52,215734,3.3214999999999995,3.320731822142329
2018-03-05,3.25,3.47,3.25,3.32,247158,3.317,3.2997562244731005
2018-03-02,3.17,3.26,3.11,3.24,100704,3.3345,3.2976253007334266
2018-03-01,3.18,3.3299,3.15,3.2,170898,3.3629999999999995,3.303691121863261
2018-02-28,3.23,3.255,3.18,3.22,86264,3.3819999999999992,3.3146059767962357
2018-02-27,3.35,3.4,3.2,3.23,172021,3.4105000000000003,3.3245645006695237
2018-02-26,3.3,3.44,3.3,3.34,176855,3.4440000000000004,3.3345186586347366
2018-02-23,3.23,3.39,3.19,3.3,147190,3.4650000000000007,3.33394167533313
2018-02-22,3.37,3.44,3.12,3.22,220695,3.4854999999999996,3.3375144832629333
2018-02-21,3.32,3.54,3.3,3.35,155319,3.5104999999999995,3.349884428869558
2018-02-20,3.45,3.54,3.26,3.32,167062,3.5284999999999997,3.349872263487406
2018-02-16,3.45,3.59,3.38,3.45,251478,3.5549999999999997,3.353016712275554
2018-02-15,3.53,3.63,3.35,3.43,214373,3.5784999999999996,3.3428079451466646
2018-02-14,3.28,3.54,3.25,3.48,434248,3.567,3.3336298341094714
2018-02-13,3.12,3.45,3.12,3.32,349073,3.531,3.318222448226258
2018-02-12,3.14,3.2,3.05,3.12,230564,3.5085000000000006,3.3180353375132325
2018-02-09,3.38,3.38,3.05,3.11,442833,3.4965,3.3388811625146255
2018-02-08,3.41,3.4728,3.23,3.35,333283,3.4995,3.3629739164635333
2018-02-07,3.47,3.5,3.3134,3.41,153790,3.4597500000000005,3.3643395918807473
2018-02-06,3.35,3.5,3.1,3.5,740363,3.4002500000000007,3.3595332331313523
2018-02-05,3.59,3.67,3.31,3.43,548773,3.3322500000000006,3.3447472576714947
2018-02-02,3.82,3.82,3.5806,3.67,402857,3.2692500000000004,3.33577328479481
2018-02-01,3.64,3.83,3.5212,3.81,625367,3.19175,3.300591525299527
2018-01-31,3.82,3.84,3.43,3.58,738338,3.110105,3.246969580594214
2018-01-30,3.88,3.9071,3.64,3.79,531502,3.0421050000000003,3.2119137469725523
2018-01-29,3.95,4.12,3.77,3.9,931773,2.9611050000000003,3.1510625624433475
2018-01-26,3.81,4.15,3.68,3.76,1569345,2.870105,3.072227042700542
2018-01-25,3.75,3.79,3.61,3.71,441268,2.7826049999999998,2.999829889300599
2018-01-24,3.71,3.75,3.45,3.72,836900,2.696605,2.9250751408059252
2018-01-23,3.88,4.0172,3.66,3.71,650183,2.616105,2.841398839838128
2018-01-22,3.96,4.16,3.611,3.85,2702672,2.535105,2.749967138768457
2018-01-19,3.24,4.24,3.11,3.92,4923636,2.4446049999999997,2.6341742060072417
2018-01-18,3.25,3.44,2.9259,3.2,3384872,2.3531050000000002,2.4988241224290566
2018-01-17,2.91,2.91,2.65,2.76,924722,2.297605,2.4250161353163255
2018-01-16,3.01,3.05,2.83,2.87,772267,2.2651049999999997,2.3897546758759387
2018-01-12,3.19,3.19,2.81,2.88,1459704,2.2291049999999997,2.3392025364944584
2018-01-11,3.37,3.63,2.82,3.17,9614323,2.193605,2.2822764877044013
2018-01-10,2.3,2.58,2.2,2.555,1405047,2.1426049999999996,2.188831907462759
2018-01-09,2.2,2.58,2.11,2.22,1292756,2.126855,2.150287897721997
2018-01-08,2.17,2.1874,2.09,2.14,121000,2.125355,2.1429497816927334
2018-01-05,2.1,2.25,2.1,2.17,191663,2.1288549999999997,2.1432602850288105
2018-01-04,2.16,2.2,2.1,2.12,168663,2.128855,2.140445578189738
2018-01-03,2.22,2.29,2.15,2.1771,298747,2.131355,2.1425977443149735
2018-01-02,2.2,2.32,2.18,2.22,176833,2.1325000000000003,2.138965927927076
2017-12-29,2.11,2.23,2.06,2.17,236759,2.129,2.1304360256036103
2017-12-28,2.05,2.11,1.995,2.08,354103,2.1335,2.1262713967197797
2017-12-27,2.0,2.06,1.99,2.01,169222,2.1318949999999997,2.131142070058704
2017-12-26,2.09,2.13,1.91,1.99,691973,2.1403049999999997,2.1438938669069887
2017-12-22,2.09,2.12,2.0,2.11,281577,2.1488049999999994,2.1600932213182507
2017-12-21,2.06,2.1702,2.05,2.09,353240,2.1558049999999995,2.16536619198333
2017-12-20,2.08,2.1052,2.01,2.04,147377,2.167305,2.173299475349996
2017-12-19,2.09,2.11,2.032,2.09,184717,2.1798049999999995,2.1873309990710483
2017-12-18,2.12,2.1766,2.0101,2.09,266133,2.1913049999999994,2.1975763673943165
2017-12-15,2.15,2.16,2.1,2.11,73814,2.2073050000000003,2.2089001955410867
2017-12-14,2.17,2.23,2.12,2.15,97050,2.2253049999999996,2.2193107424401486
2017-12-13,2.18,2.23,2.09,2.17,136765,2.224305,2.2266066100654274
2017-12-12,2.24,2.28,2.14,2.15,113714,2.221805,2.2325652005986303
2017-12-11,2.2,2.34,2.17,2.24,275819,2.2223049999999995,2.2412562743458544
2017-12-08,2.26,2.2899,2.15,2.19,135241,2.2163049999999993,2.2413885137506813
2017-12-07,2.17,2.27,2.15,2.21,95242,2.215305,2.246797830987595
2017-12-06,2.19,2.2872,2.1,2.17,645516,2.214805,2.250671286881026
2017-12-05,2.18,2.215,2.15,2.17,81970,2.220805,2.259163001289555
2017-12-04,2.18,2.24,2.15,2.2,196097,2.229305,2.2685485803726664
2017-12-01,2.26,2.2722,2.13,2.15,239538,2.2398049999999996,2.2757642204118946
2017-11-30,2.1,2.26,2.07,2.26,240740,2.2583050000000005,2.28900255940262
2017-11-29,2.17,2.1801,1.9,2.0479,424495,2.282605,2.29205546039237
2017-11-28,2.16,2.23,2.1,2.1782,223726,2.2972100000000006,2.317756035170514
2017-11-27,2.25,2.31,2.11,2.16,361584,2.3028000000000004,2.3324461441358317
2017-11-24,2.31,2.32,2.22,2.25,82669,2.3113,2.3505983698343402
2017-11-22,2.29,2.41,2.25,2.32,225457,2.3158000000000003,2.3611876719221656
2017-11-21,2.32,2.36,2.206,2.29,114755,2.3183,2.365523216335025
2017-11-20,2.4,2.5,2.145,2.32,494085,2.3243,2.373473028580817
2017-11-17,2.53,2.56,2.4,2.41,218352,2.3282999999999996,2.3791017684314295
2017-11-16,2.21,2.5660000000000003,2.147,2.47,579577,2.3308,2.375849323003159
2017-11-15,2.08,2.18,2.021,2.13,182308,2.3283,2.3659387254245443
2017-11-14,2.1,2.17,1.8,2.12,539770,2.3488,2.390774380732391
2017-11-13,2.1,2.249,2.08,2.16,294710,2.3653000000000004,2.419276947125274
2017-11-10,2.13,2.26,2.1,2.12,442539,2.3798000000000004,2.4465692573489872
2017-11-09,2.2,2.28,2.16,2.17,150087,2.4018000000000006,2.4809449686488807
2017-11-08,2.26,2.32,2.17,2.2,280868,2.4248000000000003,2.513676017980342
2017-11-07,2.33,2.39,2.27,2.29,214695,2.4543000000000004,2.546694546188799
2017-11-06,2.42,2.49,2.3,2.34,159248,2.4773000000000005,2.5737150247349883
2017-11-03,2.57,2.58,2.39,2.41,167881,2.4903000000000004,2.5983166062860397
2017-11-02,2.75,2.75,2.468,2.52,400786,2.5098,2.618139406947728
2017-11-01,2.39,2.85,2.39,2.7460000000000004,1035512,2.54305,2.6284698708369625
2017-10-31,2.29,2.36,2.29,2.34,97767,2.57325,2.6160982782934847
2017-10-30,2.36,2.36,2.27,2.29,144902,2.6237500000000002,2.6451612549559567
2017-10-27,2.37,2.39,2.21,2.33,180070,2.6767499999999997,2.6825466502144786
2017-10-26,2.35,2.44,2.31,2.34,111594,2.7307499999999996,2.719656823921266
2017-10-25,2.4,2.45,2.3,2.37,93232,2.78775,2.7596207001235045
2017-10-24,2.4,2.48,2.36,2.41,148964,2.84325,2.8006334053996627
2017-10-23,2.5,2.68,2.35,2.4,242913,2.8947499999999997,2.841752711231206
2017-10-20,2.43,2.5,2.33,2.46,106164,2.9447499999999995,2.8882529966239647
2017-10-19,2.6,2.6,2.39,2.42,216452,3.0007499999999996,2.9333322594264875
2017-10-18,2.49,2.58,2.381,2.54,242083,3.0657499999999995,2.98736723410296
2017-10-17,2.4,2.56,2.3,2.45,447296,3.125249999999999,3.0344585219032716
2017-10-16,2.56,2.65,2.4,2.45,284455,3.1872499999999993,3.0959804715773003
2017-10-13,2.66,2.66,2.438,2.56,471072,3.252249999999999,3.163978415953858
2017-10-12,2.81,2.889,2.61,2.63,425264,3.3192499999999994,3.2275550913174222
2017-10-11,2.9,3.11,2.65,2.79,648009,3.378249999999999,3.290455627245572
2017-10-10,2.6,2.85,2.6,2.75,627123,3.4292499999999997,3.343135166955632
2017-10-09,2.79,2.79,2.53,2.6,894015,3.4772499999999993,3.405570447687804
2017-10-06,3.13,3.25,2.75,2.8,1254615,3.53525,3.490367336918099
2017-10-05,3.37,3.47,3.18,3.185,314927,3.59075,3.563037582909478
2017-10-04,3.35,3.4,3.26,3.35,233712,3.6315,3.602831012689423
2017-10-03,3.24,3.445,3.24,3.35,162247,3.6685000000000003,3.629444803498836
2017-10-02,3.38,3.42,3.12,3.35,266516,3.7120000000000006,3.6588600459723977
2017-09-29,3.42,3.5669999999999997,3.35,3.41,151567,3.758,3.6913716297589656
2017-09-28,3.44,3.56,3.4,3.48,160072,3.7990000000000004,3.720989696049383
2017-09-27,3.45,3.53,3.44,3.48,153125,3.8150000000000004,3.746357032475634
2017-09-26,3.37,3.4930000000000003,3.37,3.44,227916,3.812500000000001,3.77439461484149
2017-09-25,3.61,3.616,3.39,3.4,366798,3.8145000000000002,3.8095940479826997
2017-09-22,3.69,3.78,3.56,3.58,357993,3.8155,3.8527092109282473
2017-09-21,3.7,3.799,3.62,3.72,149630,3.8155,3.8814154436575365
2017-09-20,3.77,3.8,3.66,3.73,188484,3.812,3.8984065429899086
2017-09-19,3.75,3.75,3.63,3.69,193483,3.8,3.916133547515162
2017-09-18,3.96,3.97,3.72,3.75,240857,3.7885,3.9399370788325476
2017-09-15,3.8,3.9,3.78,3.9,250037,3.7765,3.9599304555517634
2017-09-14,3.8,3.91,3.72,3.81,221861,3.7815,3.9662389245572123
2017-09-13,3.68,3.89,3.63,3.81,171060,3.8114999999999997,3.982685127142182
2017-09-12,3.75,3.92,3.62,3.71,313637,3.845999999999999,4.000862508946622
2017-09-11,3.91,3.95,3.75,3.76,262032,3.9105,4.03147961515153
2017-09-08,4.01,4.08,3.88,3.91,269954,3.9645,4.060056416746428
2017-09-07,4.07,4.09,3.9,4.0,351728,4.0155,4.075851829035526
2017-09-06,4.19,4.22,4.02,4.09,270389,4.0615000000000006,4.083836232091897
2017-09-05,4.4,4.4,4.05,4.22,313409,4.1015,4.08318741441736
2017-09-01,4.35,4.385,4.11,4.27,489374,4.1335,4.068786089619187
2017-08-31,3.8,4.5,3.56,4.23,2054024,4.1685,4.047605678000154
2017-08-30,3.5,4.15,3.5,3.8,664647,4.195,4.028406275684381
2017-08-29,3.5,3.55,3.32,3.43,203714,4.2455,4.052449041545894
2017-08-28,3.47,3.55,3.4,3.48,115241,4.3115000000000006,4.117969993287567
2017-08-25,3.55,3.59,3.39,3.42,268982,4.381500000000001,4.185124729423101
2017-08-24,3.65,3.665,3.49,3.58,142624,4.455,4.265664174625532
2017-08-23,3.49,3.65,3.41,3.65,198419,4.529999999999999,4.337839350901904
2017-08-22,3.46,3.58,3.44,3.49,181289,4.601999999999999,4.410243493102104
2017-08-21,3.57,3.609,3.29,3.46,373194,4.678,4.507111229218116
2017-08-18,4.11,4.14,3.51,3.51,447977,4.755000000000001,4.617333463872654
2017-08-17,4.26,4.45,3.94,4.0,512957,4.8225,4.733894881122407
2017-08-16,4.66,4.6982,4.33,4.41,246708,4.845000000000001,4.811146973872134
2017-08-15,5.0,5.1392,4.4511,4.5,504390,4.849500000000001,4.853372971121832
2017-08-14,4.96,5.0399,4.84,5.0,130423,4.8505,4.890570125976762
2017-08-11,4.85,5.07,4.76,4.84,158986,4.8245000000000005,4.879051191869053
2017-08-10,4.86,4.95,4.73,4.93,141249,4.8020000000000005,4.883161843644743
2017-08-09,4.82,4.94,4.8178,4.92,205915,4.782,4.878231511396821
2017-08-08,4.78,4.9185,4.69,4.89,87560,4.766499999999999,4.87383482838596
2017-08-07,4.93,4.97,4.75,4.86,70709,4.7395,4.872133231373956
2017-08-04,4.72,5.08,4.72,4.97,119564,4.7075000000000005,4.873410413623846
2017-08-03,4.79,4.8373,4.63,4.76,87364,4.695,4.863243088742146
2017-08-02,4.75,4.83,4.6,4.81,99559,4.6965,4.8741107822939505
2017-08-01,4.87,4.87,4.63,4.75,103062,4.692500000000001,4.8808592856933135
2017-07-31,4.95,4.99,4.77,4.88,70686,4.702500000000001,4.894633947345241
2017-07-28,5.08,5.14,4.83,4.89,135753,4.715000000000001,4.896174362855267
2017-07-27,5.16,5.48,5.06,5.08,416601,4.736500000000001,4.8968242957874
2017-07-26,5.0,5.16,4.94,5.09,224330,4.7575,4.87754264271239
2017-07-25,5.0,5.05,4.84,5.01,153978,4.7655,4.855178710366326
2017-07-24,4.8,5.19,4.8,5.0,334274,4.767499999999999,4.83888173251015
2017-07-21,4.45,4.87,4.442,4.86,199909,4.7765,4.821921914879639
2017-07-20,4.39,4.56,4.39,4.45,125436,4.807499999999999,4.817913695393285
2017-07-19,4.46,4.68,4.41,4.5,182518,4.8559600000000005,4.856641452803105
2017-07-18,4.49,4.6277,4.48,4.52,44361,4.91746,4.894182658361326
2017-07-17,4.42,4.56,4.3821,4.48,171755,4.991960000000001,4.933570306609886
2017-07-14,4.55,4.6,4.37,4.39,135950,5.080960000000001,4.981314549410927
2017-07-13,4.61,4.72,4.41,4.53,259284,5.183460000000001,5.043558186191024
2017-07-12,4.41,4.61,4.3,4.61,134271,5.280960000000001,5.097616942632185
2017-07-11,4.27,4.58,4.23,4.35,231139,5.360460000000002,5.148945041856626
2017-07-10,4.65,4.663,3.93,4.22,1006311,5.473460000000001,5.233044519946797
2017-07-07,4.83,4.8984,4.681,4.72,119088,5.591960000000001,5.339680785204354
2017-07-06,4.67,4.91,4.61,4.79,182309,5.691460000000001,5.404910341541655
2017-07-05,4.93,4.95,4.63,4.73,365845,5.77946,5.4696377459144605
2017-07-03,5.08,5.08,4.82,4.95,223762,5.87596,5.547494350747561
2017-06-30,5.26,5.36,5.02,5.13,190463,5.96446,5.610388492931515
2017-06-29,5.55,5.61,5.15,5.32,257329,6.04246,5.660955702713779
2017-06-28,5.16,5.6299,5.1463,5.5,854837,6.1029599999999995,5.69684577668365
2017-06-27,4.91,5.34,4.8784,5.25,572584,6.114959999999999,5.717566384755614
2017-06-26,5.2,5.2,4.9,5.05,177935,6.146959999999999,5.766783898940415
2017-06-23,5.5,5.5,4.91,5.18,560023,6.194459999999999,5.842234835670985
2017-06-22,5.42,5.52,5.41,5.48,157482,6.2489599999999985,5.911943765741615
2017-06-21,5.74,5.742999999999999,5.36,5.4192,502995,6.24696,5.957411530556522
2017-06-20,5.94,6.06,5.64,5.73,571761,6.2395,6.0140653758782605
2017-06-19,6.14,6.2906,5.84,6.01,385438,6.2364999999999995,6.043966994391761
2017-06-16,6.44,6.49,6.18,6.26,1287161,6.202,6.047542467485631
2017-06-15,6.53,6.55,6.25,6.44,274031,6.1179999999999986,6.025178516694645
2017-06-14,6.42,6.58,6.31,6.48,462972,6.010499999999999,5.981513097399344
2017-06-13,6.64,6.69,6.05,6.2,732531,5.898,5.929040791862433
2017-06-12,6.71,6.9279,6.45,6.61,559285,5.7905,5.900518769953216
2017-06-09,6.69,6.77,6.53,6.59,326880,5.673500000000001,5.825836535211449
2017-06-08,6.58,6.86,6.4597,6.71,462330,5.5440000000000005,5.745398275760023
2017-06-07,6.7,6.71,6.42,6.55,510637,5.4125,5.643861252155815
2017-06-06,6.81,7.2,6.422000000000001,6.66,1343514,5.296999999999999,5.548478226066953
2017-06-05,6.74,7.0,6.53,6.72,505879,5.167999999999999,5.431475934074001
2017-06-02,6.61,6.94,6.36,6.69,706879,5.031999999999999,5.295841821871265
2017-06-01,5.76,6.6999,5.71,6.53,1453988,4.894499999999999,5.149088329436661
2017-05-31,5.82,5.88,5.6,5.74,518420,4.760999999999999,5.003729206219467
2017-05-30,6.1,6.1,5.75,5.89,467024,4.661999999999999,4.926227017400464
2017-05-26,6.35,6.35,5.87,6.0,526133,4.560499999999999,4.824777229758408
2017-05-25,5.52,6.34,5.5,6.27,1288740,4.446,4.701069569732977
2017-05-24,5.22,5.46,5.05,5.44,372881,4.3195,4.535918998125922
2017-05-23,5.73,5.75,5.1,5.27,523010,4.234499999999999,4.440752576876019
2017-05-22,5.37,6.19,5.37,5.67,1392786,4.161499999999998,4.353463374441915
2017-05-19,4.55,5.37,4.55,5.32,671649,4.068999999999999,4.214880571751591
2017-05-18,4.32,4.63,4.18,4.58,359135,3.9899999999999993,4.098552210883337
2017-05-17,4.12,4.336,4.08,4.29,247981,3.9529999999999994,4.047873496239478
2017-05-16,4.02,4.4,3.86,4.23,553502,3.932,4.022386495843634
2017-05-15,4.15,4.25,4.03,4.05,101497,3.9115,4.000532442774542
2017-05-12,3.87,4.28,3.855,4.27,197728,3.906,3.9953253314876513
2017-05-11,3.95,4.0272,3.9,4.0,49439,3.8865000000000003,3.9664122084863513
2017-05-10,4.2,4.2,3.98,4.08,95024,3.878,3.9628766514849145
2017-05-09,4.1,4.3,4.09,4.24,281310,3.8725,3.950547877957011
2017-05-08,3.9,4.09,3.8689999999999998,4.08,216356,3.8669999999999995,3.920079233531433
2017-05-05,3.88,4.1,3.88,4.0,205340,3.8735,3.903245468640005
2017-05-04,3.8,4.0,3.7999,3.94,252189,3.8894999999999995,3.8930607811284266
2017-05-03,3.78,3.9,3.74,3.86,60977,3.9019999999999997,3.8881198107208923
2017-05-02,3.9,3.95,3.68,3.76,187096,3.924499999999999,3.8910797907967756
2017-05-01,3.8,3.95,3.75,3.86,291498,3.9579999999999997,3.9048776635122255
2017-04-28,3.77,3.81,3.6,3.71,148117,3.9715000000000003,3.9096016280924597
2017-04-27,3.7,3.8,3.7,3.74,151580,3.9935,3.9306123257864027
2017-04-26,3.84,3.84,3.7,3.74,79145,4.0135000000000005,3.9506767811323398
2017-04-25,3.91,3.91,3.7,3.81,58363,4.032500000000001,3.972853284409428
2017-04-24,3.8,3.859,3.65,3.82,177601,4.053000000000001,3.9899957353998943
2017-04-21,3.85,3.85,3.72,3.74,79353,4.072000000000001,4.007890023336725
2017-04-20,3.94,3.949,3.84,3.84,85197,4.088500000000001,4.036088973161644
2017-04-19,3.77,4.0,3.77,3.87,72118,4.097,4.056729917704975
2017-04-18,3.9,3.969,3.7501,3.82,90692,4.102500000000001,4.076385698516025
2017-04-17,3.87,4.08,3.75,3.94,159290,4.130995,4.103373666780869
2017-04-13,3.8664,3.88,3.77,3.88,50300,4.158495,4.120570894863066
2017-04-12,4.2129,4.2129,3.75,3.83,121252,4.1789950000000005,4.145894146953915
2017-04-11,4.18,4.239,3.97,3.97,103881,4.203494999999999,4.179146162422748
2017-04-10,4.2,4.24,4.12,4.13,42845,4.214995,4.2011615479409326
2017-04-07,4.32,4.32,4.2042,4.21,29605,4.22556,4.208652237197873
2017-04-06,4.2012,4.32,4.1602,4.32,61095,4.2275599999999995,4.208510367429228
2017-04-05,4.24,4.38,4.12,4.19,230315,4.22106,4.196774616632305
2017-04-04,4.43,4.43,4.29,4.31,80977,4.221559999999999,4.197487734172547
2017-04-03,4.1,4.67,4.08,4.43,632634,4.21456,4.1856443377696575
2017-03-31,4.12,4.21,4.075,4.13,54542,4.20106,4.159922689113832
2017-03-30,4.17,4.3228,4.1201,4.15,93422,4.19106,4.163072445862656
2017-03-29,4.08,4.23,4.0501,4.14,35883,4.160560000000001,4.164448492795567
2017-03-28,4.18,4.27,4.03,4.12,457558,4.129060000000001,4.167022018352996
2017-03-27,4.2,4.25,4.0,4.22,370932,4.098560000000001,4.171971704495417
2017-03-24,4.12,4.45,4.096,4.2,185711,4.066060000000001,4.1669160944423025
2017-03-23,4.0301,4.18,3.79,4.07,394422,4.0510600000000005,4.163433578067808
2017-03-22,3.98,4.1399,3.75,4.01,187091,4.044560000000001,4.17326869154863
2017-03-21,4.35,4.41,3.9799,3.98,124543,4.0465599999999995,4.190454869606381
2017-03-20,4.5,4.5,4.3508,4.3899,60502,4.0480599999999995,4.212608013775474
2017-03-17,4.34,4.49,4.29,4.49,100100,4.033065,4.19394569943605
2017-03-16,4.21,4.35,4.21,4.29,55985,4.005565,4.162782088850371
2017-03-15,4.3,4.35,4.0616,4.32,108982,3.991065,4.149390729781988
2017-03-14,4.38,4.5,4.15,4.2,80745,3.969064999999999,4.131431859232723
2017-03-13,4.2,4.35,4.18,4.3413,57182,4.026064999999999,4.1242141602045885
2017-03-10,4.19,4.26,4.18,4.25,43632,4.086499999999999,4.101363019173492
2017-03-09,4.2,4.3264,4.15,4.19,56783,4.143499999999999,4.085717021191755
2017-03-08,4.25,4.25,4.17,4.2,65942,4.184499999999999,4.074739865527729
2017-03-07,4.28,4.28,4.02,4.17,57153,4.2245,4.061554588214858
2017-03-06,4.0,4.44,3.9210000000000003,4.16,179693,4.2684999999999995,4.050139281711159
2017-03-03,3.55,4.0,3.54,3.93,178733,4.308,4.038574995575492
2017-03-02,3.54,3.55,3.52,3.54,53378,4.349,4.050003942478175
2017-03-01,3.56,3.6,3.5,3.51,127784,4.400499999999999,4.103688568002193
2017-02-28,3.61,3.69,3.497,3.51,133552,4.434,4.166182101476108
2017-02-27,3.8,3.9,3.55,3.57,203751,4.4625,4.235253901631487
2017-02-24,3.95,3.99,3.7829,3.9,72481,4.478,4.305280628119012
2017-02-23,4.138,4.138,3.8,3.94,81560,4.478,4.347941746868381
2017-02-22,4.05,4.0796,3.95,4.05,89009,4.490499999999999,4.390882983380842
2017-02-21,4.21,4.21,4.01,4.01,136869,4.471500000000001,4.426765402684088
2017-02-17,3.9,4.15,3.9,4.09,112388,4.466499999999999,4.4706354450718875
2017-02-16,4.15,4.15,3.9,3.94,114674,4.468,4.510702334026823
2017-02-15,4.19,4.19,3.9,4.0,343020,4.4805,4.570776263924383
2017-02-14,4.0,4.19,3.83,3.88,1028756,4.4895,4.630857975916424
2017-02-13,5.54,5.84,5.13,5.34,235892,4.4979949999999995,4.7098956575918365
2017-02-10,5.39,5.79,5.24,5.55,149432,4.448494999999999,4.643568884706767
2017-02-09,5.01,5.4,4.94,5.39,108964,4.3824950000000005,4.548155083096953
2017-02-08,5.0,5.01,4.77,5.01,88925,4.325494999999999,4.459539828686106
2017-02-07,5.0,5.0,4.8,5.0,46341,4.2872449999999995,4.401596652758328
2017-02-06,4.9,5.15,4.84,5.05,52730,4.2517450000000006,4.338606826732889
2017-02-03,4.7,5.09,4.7,4.95,75784,4.213745000000001,4.263723334810035
2017-02-02,4.5,4.75,4.3,4.75,40474,4.175245000000001,4.1914836858426705
2017-02-01,4.2,4.58,4.19,4.57,78208,4.146245000000001,4.132692494878741
2017-01-31,4.08,4.19,4.08,4.18,32544,4.130245,4.086660125918608
2017-01-30,4.05,4.14,3.8299,4.08,42817,4.1282450000000015,4.076834876015304
2017-01-27,3.95,3.97,3.82,3.88,21330,4.128245,4.076501705069546
2017-01-26,4.2,4.25,3.81,3.9,34395,4.127745,4.097186095076867
2017-01-25,3.8,4.2,3.8,4.19,111897,4.148745,4.11794252613759
2017-01-24,3.955,3.955,3.26,3.67,105568,4.164745,4.1103575288889145
2017-01-23,4.16,4.19,3.91,3.91,43432,4.206245000000001,4.156710952982484
2017-01-20,4.15,4.25,4.06,4.12,20257,4.252745000000001,4.182680526980641
2017-01-19,4.18,4.25,4.06,4.19,17803,4.293245000000001,4.189278477189129
2017-01-18,4.05,4.18,4.05,4.18,14083,4.326245,4.189202527419564
2017-01-17,4.4,4.4,4.02,4.0499,81794,4.3722449999999995,4.1901712145163605
2017-01-13,4.25,4.35,4.21,4.35,36900,4.418749999999999,4.204936605518083
2017-01-12,4.25,4.25,4.21,4.23,28211,4.459249999999999,4.189666774519987
2017-01-11,4.245,4.3,4.2,4.25,16171,4.475249999999998,4.18542117183788
2017-01-10,4.33,4.33,4.16,4.245,39017,4.480249999999999,4.178623400452393
2017-01-09,4.48,4.48,4.15,4.29,52028,4.4765,4.171636389973697
2017-01-06,4.01,4.54,4.01,4.29,157105,4.4639999999999995,4.159177062602508
2017-01-05,4.17,4.22,4.1,4.18,18835,4.429499999999999,4.1454062270869825
2017-01-04,4.24,4.24,3.95,4.17,37207,4.3905,4.141764777306665
2017-01-03,4.2,4.65,4.05,4.25,66041,4.3454999999999995,4.138792648602103
2016-12-30,3.95,4.18,3.95,4.14,23261,4.302,4.127086611612851
2016-12-29,3.89,4.09,3.57,4.08,83363,4.255,4.125727307572099
2016-12-28,4.2,4.3,3.7,3.87,101488,4.223999999999999,4.130540708369162
2016-12-27,4.6,4.6,4.05,4.32,108038,4.201499999999999,4.157966046092232
2016-12-23,4.3,4.8,4.3,4.51,42532,4.144,4.140909840417731
2016-12-22,4.83,4.83,4.16,4.5,193760,4.056,4.102058244672229
2016-12-21,5.3,5.35,4.84,4.84,166011,3.9675000000000002,4.060169638848253
2016-12-20,4.85,5.1,4.83,4.93,66853,3.8610000000000007,3.9780822324112264
2016-12-19,5.0,5.0,4.75,4.85,71809,3.7495000000000003,3.877880362138724
2016-12-16,4.915,5.1,4.62,5.1,109124,3.6415000000000006,3.775551979205958
2016-12-15,5.45,5.45,4.71,4.98,123853,3.520765,3.6361363980697434
2016-12-14,4.56,5.5,4.55,5.16,228983,3.3817650000000006,3.494677071550769
2016-12-13,4.42,4.77,4.42,4.55,107913,3.223265,3.319379921187692
2016-12-12,4.2,4.47,4.17,4.35,45677,3.084765,3.1898409655232385
2016-12-09,4.04,4.35,4.0,4.17,94903,2.952265,3.067718961894106
2016-12-08,3.64,4.2,3.57,4.04,115919,2.8222650000000007,2.9516893789355905
2016-12-07,3.4,3.6,3.4,3.6,34448,2.7002650000000004,2.8371303661919685
2016-12-06,3.3,3.45,3.3,3.4,30850,2.6052650000000006,2.7568282994753335
2016-12-05,3.39,3.39,3.27,3.27,39363,2.5212650000000005,2.6891260152095793
2016-12-02,3.21,3.39,3.21,3.38,70624,2.4437650000000004,2.6279813852316405
2016-12-01,3.46,3.46,3.16,3.2,88113,2.357765,2.5488215310454976
2016-11-30,3.44,3.59,3.3,3.46,111420,2.283265,2.480276429050287
2016-11-29,3.15,3.6,3.15,3.42,260857,2.1917649999999997,2.377147632108212
2016-11-28,2.78,3.2,2.78,3.17,150181,2.1012649999999997,2.2673736986459185
2016-11-25,2.78,2.78,2.7,2.75,43100,2.023265,2.1723604037665414
2016-11-23,2.74,2.78,2.61,2.73,10715,1.962265,2.1115562357419666
2016-11-22,2.7,2.74,2.61,2.71,35891,1.9062649999999999,2.0464568921358577
2016-11-21,2.8,2.95,2.66,2.7,122837,1.8482150000000002,1.97661024920279
2016-11-18,2.75,3.0,2.62,2.69,172251,1.7862149999999999,1.9004639596451889
2016-11-17,2.2,2.87,2.15,2.6853,228061,1.7307149999999996,1.8173549027657352
2016-11-16,1.96,2.24,1.95,2.2,92316,1.67545,1.725992260951602
2016-11-15,1.7654,1.99,1.76,1.99,92531,1.6444499999999997,1.6760967094728234
2016-11-14,1.7,1.78,1.536,1.78,29663,1.6224499999999995,1.6430542578383838
2016-11-11,1.57,1.83,1.55,1.7,67938,1.60995,1.6286389165582136
2016-11-10,1.57,1.57,1.55,1.57,1390,1.60045,1.6211272235643412
2016-11-09,1.61,1.61,1.47,1.6,5519,1.6012,1.6265090365711141
2016-11-08,1.7,1.72,1.67,1.7,12147,1.5981999999999998,1.6292994614733367
2016-11-07,1.72,1.72,1.72,1.72,0,1.5981999999999998,1.6218572995231617
2016-11-04,1.73,1.73,1.66,1.72,4927,1.5966999999999998,1.6115264889466525
2016-11-03,1.63,1.73,1.59,1.66,5916,1.5882000000000003,1.6001082246252476
2016-11-02,1.63,1.73,1.56,1.71,20561,1.5892000000000002,1.593803827217379
2016-11-01,1.63,1.73,1.56,1.63,6672,1.5882000000000003,1.5815726511349977
2016-10-31,1.6,1.69,1.6,1.61,10228,1.5917000000000001,1.5764750354649975
2016-10-28,1.56,1.61,1.55,1.61,6000,1.5947000000000002,1.572946091829734
2016-10-27,1.6,1.65,1.53,1.53,2007,1.59489,1.56904568044339
2016-10-26,1.51,1.61,1.51,1.61,278,1.60289,1.57315575206901
2016-10-25,1.56,1.5601,1.45,1.5490000000000002,2850,1.60439,1.5692774101815374
2016-10-24,1.5,1.6,1.46,1.46,7839,1.60794,1.571411874411173
2016-10-21,1.58,1.58,1.58,1.58,3164,1.6119400000000002,1.5831394401386647
2016-10-20,1.58,1.58,1.57,1.58,8714,1.60794,1.583469907521682
2016-10-19,1.58,1.58,1.56,1.58,1720,1.6054400000000002,1.583835160945017
2016-10-18,1.5438,1.58,1.5438,1.55,2421,1.60094,1.584238862097124
2016-10-17,1.53,1.53,1.48,1.53,7600,1.5959400000000001,1.5878429528441895
2016-10-14,1.55,1.5816,1.45,1.51,12357,1.59194,1.5939316847225253
2016-10-13,1.55,1.64,1.5,1.585,20816,1.58694,1.6027665989038438
2016-10-12,1.62,1.62,1.51,1.54,19827,1.5821899999999998,1.6046367672095116
2016-10-11,1.62,1.7,1.62,1.7,23467,1.5776899999999996,1.6114406374420918
2016-10-10,1.65,1.69,1.65,1.69,382,1.5616899999999996,1.6021185992781015
2016-10-07,1.63,1.65,1.55,1.55,9700,1.5496899999999996,1.5928679255179017
2016-10-06,1.68,1.68,1.66,1.68,4846,1.5461899999999997,1.5973803387303125
2016-10-05,1.69,1.69,1.69,1.69,1012,1.5371899999999996,1.5886835322808717
2016-10-04,1.7,1.7,1.67,1.7,2800,1.5316899999999998,1.578018640942016
2016-10-03,1.67,1.67,1.67,1.67,1280,1.5221899999999997,1.565178497883281
2016-09-30,1.7,1.7,1.6,1.6138,6274,1.5186899999999999,1.5541446555552054
2016-09-29,1.64,1.69,1.58,1.69,4393,1.514,1.547865145613648
2016-09-28,1.65,1.65,1.58,1.64,4328,1.5045000000000002,1.5329035819940322
2016-09-27,1.64,1.73,1.6,1.62,46301,1.497,1.5216302748355093
2016-09-26,1.53,1.63,1.53,1.54,82106,1.491,1.5112755669234577
2016-09-23,1.5,1.5,1.5,1.5,2105,1.4905,1.5082519423890848
2016-09-22,1.5,1.58,1.5,1.53,12936,1.488,1.5091205679037254
2016-09-21,1.45,1.5,1.45,1.49,11550,1.4890000000000003,1.5069227329462227
2016-09-20,1.45,1.45,1.43,1.45,7368,1.488,1.5087040732563515
2016-09-19,1.44,1.45,1.43,1.45,1957,1.5005,1.514883449388599
2016-09-16,1.4,1.42,1.37,1.41,28922,1.515,1.5217132861663463
2016-09-15,1.4,1.49,1.4,1.49,540,1.5299999999999998,1.5334725794470143
2016-09-14,1.3777,1.45,1.3777,1.45,3395,1.5431949999999999,1.5380486404414369
2016-09-13,1.4,1.4,1.3777,1.38,12164,1.554195,1.5473169183826407
2016-09-12,1.4338,1.46,1.28,1.45,20851,1.5701949999999998,1.5649292255808134
2016-09-09,1.45,1.48,1.39,1.48,44113,1.5832700000000002,1.5770270387998464
2016-09-08,1.58,1.58,1.39,1.5,35389,1.5962699999999999,1.5872404113050933
2016-09-07,1.5,1.58,1.5,1.58,5128,1.60977,1.5964236124951032
2016-09-06,1.55,1.56,1.43,1.51,11946,1.61727,1.5981524138103773
2016-09-02,1.5,1.6,1.5,1.6,23170,1.63327,1.6074316152641013
2016-09-01,1.56,1.56,1.52,1.52,953,1.6427699999999998,1.6082138905550594
2016-08-31,1.45,1.53,1.41,1.5,17605,1.65627,1.6174995632450657
2016-08-30,1.5,1.5,1.4,1.49,24601,1.67177,1.6298679383234937
2016-08-29,1.53,1.56,1.45,1.5,6660,1.6872699999999998,1.644590879199651
2016-08-26,1.45,1.53,1.45,1.53,4811,1.6997699999999998,1.6598109717469829
2016-08-25,1.57,1.6,1.42,1.45,54602,1.7122699999999997,1.6734752845624548
2016-08-24,1.52,1.65,1.52,1.55,51105,1.7262699999999995,1.6969989987269236
2016-08-23,1.68,1.68,1.37,1.47,111190,1.73877,1.712472577540284
2016-08-22,1.74,1.74,1.66,1.7,58382,1.75677,1.7379960067550508
2016-08-19,1.72,1.74,1.67,1.74,17200,1.7602700000000002,1.7419955864134773
2016-08-18,1.83,1.83,1.67,1.71,15024,1.7657700000000003,1.7422056481412118
2016-08-17,1.71,1.82,1.69,1.7539,13123,1.7719999999999998,1.7455957163666025
2016-08-16,1.67,1.67,1.67,1.67,2560,1.770805,1.7447215812472976
2016-08-15,1.7,1.7,1.64,1.7,9188,1.778305,1.7525870108522763
2016-08-12,1.74,1.75,1.69,1.7115,3323,1.7828049999999998,1.7581224856788318
2016-08-11,1.76,1.83,1.67,1.74,26940,1.7882299999999998,1.7630301157502877
2016-08-10,1.73,1.78,1.57,1.77,21044,1.7977300000000003,1.7654543384608443
2016-08-09,1.8,1.8,1.65,1.73,17060,1.8032299999999999,1.7649758477725122
2016-08-08,1.79,1.83,1.76,1.83,1005,1.8092300000000006,1.7686575159590923
2016-08-05,1.77,1.79,1.77,1.79,420,1.8157300000000003,1.7622004123758388
2016-08-04,1.81,1.81,1.75,1.79,14079,1.8157300000000003,1.7592741399943481
2016-08-03,1.78,1.83,1.6777,1.81,39064,1.81073,1.7560398389411216
2016-08-02,1.7654,1.8,1.7454,1.8,22458,1.7982300000000002,1.7503598219875554
2016-08-01,1.78,1.8,1.73,1.75,14892,1.786115,1.7451345400915086
2016-07-29,1.73,1.8,1.7,1.78,16086,1.7761149999999997,1.7446223864169306
2016-07-28,1.83,1.83,1.73,1.73,25260,1.769115,1.7408984270923968
2016-07-27,1.86,1.88,1.76,1.8,54574,1.756615,1.7420456299442282
2016-07-26,1.78,1.9,1.78,1.83,54930,1.7456150000000001,1.7359451699383575
2016-07-25,1.85,1.85,1.76,1.77,20891,1.724615,1.726044661510816
2016-07-22,1.85,1.86,1.7,1.85,54568,1.705115,1.7214177837751123
2016-07-21,1.73,1.85,1.69,1.8346,53344,1.680575,1.7078828136461768
2016-07-20,1.84,1.84,1.67,1.73,47617,1.6582449999999997,1.6945441624510376
2016-07-19,1.78,1.9,1.75,1.82,47348,1.6407450000000001,1.6908119690248309
2016-07-18,1.84,1.85,1.79,1.79,21157,1.6222450000000002,1.6772132289221815
2016-07-15,1.93,1.95,1.74,1.82,62304,1.607245,1.6653409372297796
2016-07-14,1.88,1.99,1.875,1.93,31212,1.591245,1.649061035885546
2016-07-13,1.84,1.88,1.73,1.88,67195,1.568745,1.6194885133471824
2016-07-12,2.01,2.01,1.77,1.85,134697,1.553245,1.5920662515942543
2016-07-11,1.81,2.05,1.81,1.96,106195,1.534745,1.564915330709439
2016-07-08,1.69,1.95,1.63,1.79,202149,1.5159950000000002,1.523327470784117
2016-07-07,1.64,1.69,1.5954,1.69,45305,1.513995,1.4952566782350767
2016-07-06,1.56,1.64,1.56,1.56,49408,1.5254949999999998,1.4747573812071901
2016-07-05,1.56,1.64,1.47,1.5577,44934,1.5414949999999998,1.4657844739658417
2016-07-01,1.65,1.65,1.51,1.55,62785,1.5496099999999997,1.4561091554359302
2016-06-30,1.46,1.64,1.42,1.64,52966,1.5571100000000002,1.4462259086397125
2016-06-29,1.59,1.59,1.46,1.48,36609,1.5581099999999997,1.4258286358649455
2016-06-28,1.44,1.58,1.44,1.58,68420,1.56961,1.420126387008624
2016-06-27,1.4,1.45,1.38,1.41,38084,1.57561,1.4032975856411107
2016-06-24,1.32,1.4,1.26,1.38,52751,1.5741099999999997,1.4025920683401751
2016-06-23,1.42,1.44,1.35,1.3592,23453,1.57511,1.4049701807970356
2016-06-22,1.38,1.45,1.35,1.3880000000000001,42589,1.5765749999999998,1.4097880945651446
2016-06-21,1.5,1.5,1.3,1.38,105596,1.574675,1.412081578203581
2016-06-20,1.48,1.5,1.4,1.45,31363,1.553175,1.415458586435537
2016-06-17,1.42,1.49,1.39,1.49,30239,1.513175,1.4118226481655933
2016-06-16,1.5,1.54,1.4,1.5,22737,1.461175,1.4035934532356558
2016-06-15,1.58,1.6,1.48,1.48,22040,1.4086749999999997,1.3934453956815143
2016-06-14,1.5,1.64,1.49,1.57,60979,1.3571749999999996,1.384334384700621
2016-06-13,1.5923,1.5923,1.39,1.48,144030,1.3011749999999995,1.3647906357217392
2016-06-10,1.75,1.78,1.46,1.585,134585,1.2501749999999998,1.3526633342187644
2016-06-09,1.94,1.94,1.63,1.75,137802,1.191925,1.3282068430838976
2016-06-08,1.89,1.96,1.82,1.92,129242,1.1279249999999998,1.2838075634085184
2016-06-07,1.73,1.9,1.72,1.88,115532,1.05369,1.216839938504152
2016-06-06,1.68,1.75,1.68,1.72,76543,0.9816900000000002,1.1470336162414312
2016-06-03,1.66,1.75,1.6,1.7,77342,0.9191900000000001,1.0867213653194765
2016-06-02,1.78,1.78,1.52,1.66,88299,0.8564399999999999,1.022165719563632
2016-06-01,1.74,1.88,1.64,1.71,204325,0.7946949999999999,0.9550252689913827
2016-05-31,1.39,1.75,1.35,1.7,237494,0.7309599999999999,0.8755542446746862
2016-05-27,1.38,1.42,1.27,1.38,103587,0.6684599999999999,0.7887704809562321
2016-05-26,1.35,1.46,1.25,1.4,111453,0.6194600000000001,0.7265357947410986
2016-05-25,1.2,1.42,1.15,1.3885,78865,0.5713550000000002,0.6556448257664774
2016-05-24,0.985,1.51,0.98,1.35,517238,0.522505,0.5785021758471592
2016-05-23,0.6949,0.985,0.68,0.95,495948,0.47250500000000006,0.49729187856791285
2016-05-20,0.45,0.7,0.4477,0.65,188972,0.442505,0.44963839210137735
2016-05-19,0.445,0.45,0.445,0.45,21000,0.428005,0.42854769653310126
2016-05-18,0.45,0.45,0.4489,0.45,20650,0.42300499999999996,0.4262895593260593
2016-05-17,0.45,0.45,0.43,0.45,10000,0.41850499999999996,0.4237937234656445
2016-05-16,0.46,0.46,0.41,0.45,31211,0.41210499999999994,0.42103516804097546
2016-05-13,0.45,0.4612,0.4477,0.46,49500,0.40565500000000004,0.4179862383610781
2016-05-12,0.47,0.47,0.4121,0.42,24100,0.40130999999999994,0.4135637371359284
2016-05-11,0.45,0.47,0.45,0.47,21000,0.39731,0.4128862357818156
2016-05-10,0.45,0.45,0.431,0.4353,14400,0.39280999999999994,0.4068742606009541
2016-05-09,0.452,0.452,0.431,0.44,26783,0.3915449999999999,0.4038820775063177
2016-05-06,0.431,0.47,0.431,0.47,26850,0.391045,0.4000801909280354
2016-05-05,0.4436,0.445,0.4436,0.445,5000,0.389045,0.3927202110257233
2016-05-04,0.4475,0.45,0.425,0.4251,8640,0.38829499999999995,0.3872170753442205
2016-05-03,0.4471,0.465,0.4353,0.4353,50627,0.3885399999999999,0.38322939906466474
2016-05-02,0.485,0.485,0.45,0.45,45250,0.38687499999999997,0.3777482831767347
2016-04-29,0.4291,0.45,0.375,0.4,98353,0.383625,0.3701428393006015
2016-04-28,0.4,0.4379,0.36,0.4379,4350,0.383625,0.36699998027961217
2016-04-27,0.35,0.4115,0.35,0.4115,19866,0.3797799999999999,0.35953682030904505
2016-04-26,0.35,0.3539,0.35,0.35,5711,0.37570499999999996,0.3540670119205235
2016-04-25,0.389,0.389,0.35,0.35,10689,0.37570499999999996,0.3544951184384733
2016-04-22,0.3605,0.3629,0.36,0.36,23050,0.376205,0.35496828880041786
2016-04-21,0.39,0.39,0.331,0.35,5525,0.37101,0.35443863498993555
2016-04-20,0.36,0.36,0.36,0.36,6449,0.36631,0.35490585972571825
2016-04-19,0.322,0.322,0.322,0.322,1566,0.36111000000000004,0.3543696344336886
2016-04-18,0.39,0.39,0.321,0.321,21730,0.3578100000000001,0.35777696437407686
2016-04-15,0.36,0.3731,0.36,0.3731,3000,0.35635000000000006,0.36164822378187444
2016-04-14,0.37,0.37,0.3173,0.34,40500,0.35228500000000007,0.3604427736536507
2016-04-13,0.3888,0.39,0.3602,0.38,27442,0.3495850000000001,0.3625946445645613
2016-04-12,0.435,0.435,0.3602,0.41,84613,0.34332500000000005,0.3607625018871467
2016-04-11,0.43,0.4321,0.43,0.43,29565,0.3353750000000001,0.3555796073489516
2016-04-08,0.4462,0.4462,0.4151,0.43,43744,0.3284250000000001,0.347745881806736
2016-04-07,0.5,0.5,0.425,0.43,342990,0.3219250000000001,0.3390875535758661
2016-04-06,0.42,0.43,0.3938,0.43,188346,0.3151750000000001,0.3295178223733257
2016-04-05,0.39,0.42,0.3621,0.402,106528,0.30917500000000003,0.3189407510442021
2016-04-04,0.405,0.405,0.37,0.385,44085,0.30382500000000007,0.3101976722067497
2016-04-01,0.37,0.4,0.35,0.4,50810,0.296075,0.3023237429653549
2016-03-31,0.3485,0.361,0.3485,0.361,16552,0.2865749999999999,0.2920420316985502
2016-03-30,0.34,0.34,0.33,0.33,13676,0.27837499999999993,0.2847832981931344
2016-03-29,0.32,0.35,0.32,0.35,8240,0.27337500000000003,0.2800236453713591
2016-03-28,0.2834,0.375,0.2834,0.36,86412,0.26687500000000003,0.2726577133051864
2016-03-24,0.2561,0.2834,0.2561,0.2561,5225,0.259925,0.2634637883899429
2016-03-23,0.256,0.256,0.256,0.256,0,0.25862,0.26423892400993687
2016-03-22,0.256,0.256,0.256,0.256,0,0.25782000000000005,0.2651061791688776
2016-03-21,0.264,0.264,0.256,0.256,17736,0.25607,0.2660647243445489
2016-03-18,0.2918,0.2918,0.2918,0.2918,0,0.25562000000000007,0.26712416901239616
2016-03-17,0.28,0.2918,0.27,0.2918,13000,0.25403000000000003,0.2645267131189642
2016-03-16,0.28600000000000003,0.28600000000000003,0.28600000000000003,0.28600000000000003,500,0.25244,0.26165584081569726
2016-03-15,0.2548,0.2548,0.2548,0.2548,5000,0.25114,0.2590932977436654
2016-03-14,0.28,0.28,0.251,0.251,96922,0.25139999999999996,0.259545223821946
2016-03-11,0.295,0.295,0.29100000000000004,0.29100000000000004,15000,0.24984999999999996,0.26044472106636135
2016-03-10,0.3,0.3,0.29,0.3,55000,0.2468,0.257228375915452
2016-03-09,0.3,0.3,0.295,0.295,55350,0.24441999999999994,0.2527260996960259
2016-03-08,0.31,0.345,0.3,0.31,81225,0.24276999999999999,0.24827621545350229
2016-03-07,0.24,0.35,0.235,0.295,483499,0.24051999999999993,0.24177897497492357
2016-03-04,0.2151,0.2399,0.215,0.23,15726,0.23676999999999998,0.2361767618143892
2016-03-03,0.201,0.2125,0.2,0.21,315662,0.23568499999999998,0.23682694726853545
2016-03-02,0.2011,0.2399,0.19,0.19699999999999998,82200,0.23559999999999998,0.2396508364546971
2016-03-01,0.2399,0.2399,0.21,0.23,31329,0.23580000000000007,0.24414039818677047
2016-02-29,0.21600000000000003,0.22,0.21600000000000003,0.22,15000,0.23680000000000004,0.24562886115379895
2016-02-26,0.24,0.24,0.22,0.221,78100,0.2383,0.24832663601209357
2016-02-25,0.26,0.2921,0.23,0.23,18950,0.24025,0.2512031240133666
2016-02-24,0.23,0.24,0.23,0.24,3400,0.2415,0.25343503180424726
2016-02-23,0.26,0.26,0.221,0.221,1300,0.2425,0.2548492456783786
2016-02-22,0.247,0.247,0.247,0.247,2510,0.24400000000000005,0.2584123241708395
2016-02-19,0.256,0.26,0.256,0.26,6000,0.24420000000000003,0.25961362145198047
2016-02-18,0.26,0.26,0.26,0.26,0,0.2447,0.25957295002587316
2016-02-17,0.26,0.26,0.26,0.26,0,0.24690000000000004,0.2595279973970177
2016-02-16,0.255,0.26,0.255,0.26,2800,0.24644999999999997,0.25947831291249324
2016-02-12,0.22,0.22,0.22,0.22,580,0.24545,0.2594233984822294
2016-02-11,0.22,0.23,0.22,0.23,2660,0.24895,0.26357322990141147
2016-02-10,0.2524,0.2524,0.2524,0.2524,150,0.2517,0.26710725410156005
2016-02-09,0.265,0.265,0.25,0.262,7200,0.2545799999999999,0.2686553861122506
2016-02-08,0.22,0.265,0.22,0.265,6500,0.25847999999999993,0.26935595307143484
2016-02-05,0.21,0.22,0.2091,0.22,10500,0.26272999999999996,0.26981447444737533
2016-02-04,0.2083,0.2083,0.2083,0.2083,0,0.27169,0.2750581033365727
2016-02-03,0.2083,0.2083,0.2083,0.2083,1000,0.28073999999999993,0.28208527210884354
2016-02-02,0.2,0.201,0.2,0.201,750,0.2897900000000001,0.2898521428571429
2016-02-01,0.25,0.25,0.25,0.25,0,0.29920500000000005,0.29920500000000005
