timestamp,open,high,low,close,volume,rsi14,sma100,sma10
2015-06-30,14.44,14.7344,14.31,14.6,548819,34.761017133304705,18.072150000000004,15.422
2015-07-01,14.69,14.86,14.538,14.75,287916,37.44325072920392,17.962050000000005,15.273
2015-07-02,14.78,14.8565,14.64,14.69,161378,36.79164735416779,17.853650000000005,15.107999999999999
2015-07-06,14.62,15.02,14.34,15.01,247324,42.53537414406542,17.743850000000005,14.950999999999999
2015-07-07,15.0,15.1847,14.632,15.05,209237,43.229813490086634,17.637050000000002,14.856
2015-07-08,14.98,15.38,14.825999999999999,15.29,202447,47.34165946812463,17.532650000000004,14.834999999999999
2015-07-09,15.35,15.53,15.07,15.1,308160,44.588290687501434,17.42405,14.838999999999999
2015-07-10,15.09,15.36,14.36,14.47,584489,36.92064819378157,17.31555,14.792999999999997
2015-07-13,14.5,15.18,14.4,15.07,664948,46.378182887977104,17.200650000000003,14.840999999999998
2015-07-14,15.0,15.1,14.815,14.88,278519,44.1222043839007,17.072050000000004,14.890999999999996
2015-07-15,14.88,14.88,14.62,14.68,341661,41.81636735671619,17.029850000000003,14.898999999999997
2015-07-16,14.79,14.96,14.67,14.7,210316,42.141993716675834,16.989850000000004,14.893999999999997
2015-07-17,14.69,14.825,14.59,14.59,180677,40.789864016868336,16.95145,14.883999999999997
2015-07-20,14.58,14.69,14.24,14.3,831932,37.38434689384207,16.911250000000003,14.812999999999999
2015-07-21,14.36,14.53,14.3,14.5,301227,41.04031696662776,16.867650000000005,14.758
2015-07-22,14.45,15.25,14.419,15.09,314346,50.26566451016852,16.836250000000003,14.738
2015-07-23,15.22,15.28,14.8501,14.87,262725,47.29406941338162,16.79335,14.715
2015-07-24,14.88,14.88,14.26,14.31,279914,40.698573943339994,16.74825,14.699000000000002
2015-07-27,14.29,14.75,14.06,14.16,179447,39.1246660932782,16.705550000000002,14.608
2015-07-28,14.17,14.45,13.88,14.38,237410,42.62902398247155,16.668650000000003,14.558000000000002
2015-07-29,14.38,15.2,14.38,14.99,194868,51.044198041905204,16.64365,14.589000000000002
2015-07-30,14.89,15.48,14.87,15.23,217543,53.90874215979026,16.615050000000004,14.642000000000001
2015-07-31,15.27,15.68,15.27,15.48,206621,56.74779238370692,16.590750000000003,14.731
2015-08-03,15.44,15.7,15.231,15.58,227244,57.865772866615025,16.573050000000002,14.859
2015-08-04,15.55,15.88,15.44,15.5,268445,56.6052312674651,16.548550000000002,14.959
2015-08-05,15.62,15.87,15.53,15.65,333140,58.43360002708183,16.530150000000003,15.015
2015-08-06,15.66,15.66,14.87,15.14,431947,50.62372455987384,16.506750000000004,15.042000000000002
2015-08-07,11.74,13.19,11.37,12.65,1442279,29.730724309413304,16.451250000000005,14.876000000000001
2015-08-10,12.47,12.94,12.24,12.565,660800,29.286382975700334,16.396900000000006,14.716500000000002
2015-08-11,12.55,13.325,12.4,12.63,471360,30.1461498083617,16.341200000000004,14.541500000000003
2015-08-12,12.55,13.08,12.3,12.74,388867,31.6604560872439,16.285400000000006,14.316500000000001
2015-08-13,12.77,12.95,12.395,12.45,365660,29.82480162458984,16.230300000000007,14.038500000000003
2015-08-14,12.42,13.05,12.37,12.76,323310,34.215614880261114,16.177900000000008,13.766500000000002
2015-08-17,12.7,13.074000000000002,12.65,12.82,256444,35.062512743742246,16.127900000000007,13.4905
2015-08-18,12.78,12.85,12.4101,12.57,145190,33.14766352918308,16.077600000000007,13.1975
2015-08-19,12.57,12.92,12.48,12.86,299551,37.417278036972554,16.030200000000008,12.918499999999998
2015-08-20,12.82,12.97,12.62,12.69,283059,35.967126380720345,15.981700000000007,12.673499999999997
2015-08-21,12.48,12.68,12.18,12.46,328019,34.0446806257556,15.931900000000008,12.654499999999995
2015-08-24,11.67,11.72,11.3,11.54,372244,27.673056382866434,15.873500000000005,12.551999999999996
2015-08-25,11.91,11.97,11.42,11.46,227584,27.196406750384014,15.814700000000007,12.434999999999997
2015-08-26,11.64,11.64,11.1996,11.4,277568,26.823243071059025,15.75050000000001,12.300999999999998
2015-08-27,11.47,11.84,11.3,11.63,232648,30.746021986605754,15.68940000000001,12.218999999999998
2015-08-28,11.53,11.98,11.5,11.89,168582,34.98869675728392,15.633100000000011,12.131999999999998
2015-08-31,11.96,12.24,11.72,11.92,248786,35.47985668889817,15.576000000000011,12.041999999999998
2015-09-01,11.79,12.21,11.79,12.1,185985,38.482928020289656,15.51600000000001,11.995
2015-09-02,12.17,12.4997,12.11,12.32,112785,42.03414670535067,15.452700000000009,11.940999999999999
2015-09-03,12.37,12.48,12.07,12.14,96734,39.99958104080887,15.387100000000009,11.886
2015-09-04,11.98,12.3099,11.76,12.04,178931,38.87383849563795,15.31890000000001,11.843999999999998
2015-09-08,12.18,12.21,11.905,12.16,142518,41.01900811836026,15.250750000000012,11.905999999999997
2015-09-09,12.2,12.975,12.2,12.33,216167,44.016427304440434,15.183150000000012,11.992999999999999
2015-09-10,12.28,12.6,12.08,12.13,118290,41.353764227019155,15.112050000000012,12.065999999999997
2015-09-11,12.11,12.54,12.09,12.2,224267,42.6611481704659,15.039850000000012,12.122999999999996
2015-09-14,12.31,13.13,12.05,13.08,204144,55.95448508390524,14.973350000000012,12.241999999999997
2015-09-15,13.06,13.675,12.8,13.59,193560,61.52209304391476,14.90635000000001,12.408999999999995
2015-09-16,13.55,14.35,13.52,13.99,174977,65.23399303826825,14.840150000000012,12.597999999999995
2015-09-17,13.93,14.23,13.02,13.17,471829,53.78027712586247,14.761250000000013,12.682999999999996
2015-09-18,13.19,13.25,12.8,12.99,774259,51.637007325642635,14.682650000000015,12.767999999999997
2015-09-21,13.03,13.49,13.012,13.25,145528,54.46013839446419,14.614150000000016,12.888999999999996
2015-09-22,13.03,13.45,13.03,13.44,182106,56.46031390029723,14.548350000000017,13.016999999999996
2015-09-23,13.41,14.14,13.4,13.72,155803,59.29749250913811,14.477850000000016,13.155999999999995
2015-09-24,13.65,14.199000000000002,13.44,14.12,259217,63.00615645277786,14.417050000000016,13.354999999999995
2015-09-25,14.2,14.94,14.13,14.46,254409,65.85414305976377,14.354550000000016,13.580999999999998
2015-09-28,14.41,14.78,13.47,13.7,298690,55.558002381780156,14.324550000000015,13.642999999999995
2015-09-29,13.72,14.3,13.58,14.1,180280,59.175768334490634,14.301250000000014,13.693999999999994
2015-09-30,14.18,14.5,13.72,14.16,219612,59.70563566904236,14.280350000000015,13.710999999999993
2015-10-01,14.1,14.49,13.09,13.54,210340,52.17037610163162,14.253650000000015,13.747999999999994
2015-10-02,13.48,13.83,13.31,13.55,218670,52.2749978181912,14.231150000000014,13.803999999999993
2015-10-05,13.6,13.985999999999999,13.4001,13.56,230834,52.38715670129883,14.207850000000013,13.834999999999994
2015-10-06,13.57,14.04,13.3928,13.81,138690,55.22045369074502,14.188350000000012,13.871999999999995
2015-10-07,13.85,14.09,13.45,13.86,111291,55.78712524968532,14.16805000000001,13.885999999999992
2015-10-08,13.67,14.0399,13.642000000000001,13.85,125945,55.63548367904672,14.14815000000001,13.858999999999991
2015-10-09,13.88,14.0,13.6701,13.77,71050,54.3623981864152,14.13275000000001,13.789999999999992
2015-10-12,13.79,13.988,13.51,13.69,63333,53.05497407130742,14.11825000000001,13.788999999999993
2015-10-13,13.62,13.9,13.48,13.5,92365,49.9805270568116,14.104450000000009,13.728999999999994
2015-10-14,13.5,13.67,13.3,13.53,84679,50.468587885437934,14.09135000000001,13.665999999999993
2015-10-15,13.56,13.89,13.45,13.65,81012,52.46651293390891,14.08295000000001,13.676999999999996
2015-10-16,13.68,13.73,13.47,13.55,79322,50.633604520956425,14.074050000000009,13.676999999999996
2015-10-19,13.52,13.75,13.3,13.58,59427,51.184566528024895,14.064550000000008,13.678999999999997
2015-10-20,13.59,13.92,13.37,13.67,73668,52.88347289432769,14.05605000000001,13.664999999999996
2015-10-21,13.67,13.91,13.43,13.5,92005,49.38710624406865,14.045650000000009,13.628999999999996
2015-10-22,13.62,14.1,13.62,13.94,100664,57.26284110830329,14.035850000000009,13.637999999999996
2015-10-23,14.15,14.15,13.51,13.74,70836,53.209777980189166,14.02515000000001,13.634999999999996
2015-10-26,13.73,14.25,13.664000000000001,13.73,110801,53.00775323819784,14.01345000000001,13.638999999999996
2015-10-27,14.3,14.3,13.48,13.54,371974,49.18656940734839,13.989750000000008,13.642999999999995
2015-10-28,13.53,14.28,13.4866,14.18,135443,59.71979264401057,13.96925000000001,13.707999999999995
2015-10-29,14.2,14.86,13.85,14.64,192973,65.28921052150159,13.954850000000011,13.806999999999997
2015-10-30,14.65,14.89,14.1232,14.77,290445,66.69089812910605,13.94005000000001,13.928999999999997
2015-11-02,14.71,14.9499,13.85,13.88,285468,51.3905491011597,13.91725000000001,13.958999999999994
2015-11-03,13.8,14.07,13.76,13.79,194502,50.13787561147966,13.892250000000011,13.970999999999995
2015-11-04,13.86,14.0,13.4418,13.5,288205,46.22769316057775,13.86545000000001,13.970999999999995
2015-11-05,12.0,13.38,11.84,12.06,1532888,32.62265919438342,13.82285000000001,13.782999999999996
2015-11-06,11.83,12.099,11.7,11.72,347719,30.35134868314016,13.77765000000001,13.580999999999994
2015-11-09,11.66,11.767999999999999,11.01,11.22,430497,27.337060717345267,13.72645000000001,13.329999999999995
2015-11-10,11.16,11.2,10.51,10.81,387903,25.13287841212376,13.668750000000012,13.056999999999997
2015-11-11,11.05,11.1,10.4646,10.94,160015,27.138899974953432,13.618150000000012,12.732999999999995
2015-11-12,10.77,11.055,10.64,10.72,103703,25.875343669332437,13.570350000000012,12.340999999999996
2015-11-13,10.6,10.87,10.41,10.52,190539,24.74730927150557,13.524950000000013,11.915999999999995
2015-11-16,10.48,10.72,10.411,10.64,164620,26.80902914898111,13.482050000000013,11.591999999999995
2015-11-17,10.65,10.77,10.125,10.3,155743,24.740777747761655,13.439150000000014,11.242999999999995
2015-11-18,10.41,10.69,10.285,10.49,276236,28.07989684361604,13.400250000000012,10.941999999999995
2015-11-19,10.47,10.56,10.25,10.53,121182,28.79615030188674,13.359550000000013,10.788999999999994
2015-11-20,10.51,10.88,10.5,10.54,163526,28.986556768156376,13.317450000000013,10.670999999999996
2015-11-23,10.5,10.63,10.365,10.46,170826,28.33379070125227,13.275150000000012,10.594999999999995
2015-11-24,10.33,10.6,10.27,10.34,97465,27.339247971618448,13.228450000000011,10.547999999999996
2015-11-25,10.65,11.51,10.550999999999998,11.14,391862,41.96456889599161,13.189350000000013,10.567999999999996
2015-11-27,11.13,11.31,11.0001,11.17,81634,42.432518086633316,13.148150000000014,10.612999999999996
2015-11-30,11.24,11.5,11.03,11.1,188736,41.58985425697504,13.108150000000014,10.670999999999996
2015-12-01,11.1,11.21,10.8401,10.91,94776,39.30805543341202,13.072550000000014,10.697999999999997
2015-12-02,10.82,11.24,10.8,11.09,143244,42.52520303539898,13.032750000000014,10.776999999999997
2015-12-03,11.11,11.28,10.67,10.77,115336,38.60715390376551,12.991650000000014,10.804999999999996
2015-12-04,10.83,10.98,10.48,10.54,103855,36.037135210907024,12.950250000000013,10.805999999999997
2015-12-07,10.45,11.14,10.2601,11.08,144588,45.251970831253665,12.91405000000001,10.859999999999996
2015-12-08,10.95,10.98,10.61,10.64,93057,40.17339625603035,12.874550000000013,10.877999999999997
2015-12-09,10.57,10.72,10.19,10.52,129354,38.89144455454966,12.836750000000013,10.895999999999997
2015-12-10,10.56,10.75,10.53,10.64,99833,40.92167787165372,12.798150000000014,10.845999999999997
2015-12-11,10.5,10.67,10.33,10.41,114359,38.29550671759986,12.751350000000016,10.769999999999996
2015-12-14,10.4,10.53,10.02,10.14,144123,35.42168744794769,12.704050000000018,10.673999999999996
2015-12-15,10.19,10.62,10.19,10.6,136416,43.23714824888595,12.666950000000018,10.642999999999997
2015-12-16,10.61,10.96,10.61,10.94,157461,48.22479296097292,12.634750000000018,10.627999999999997
2015-12-17,10.94,11.08,10.84,10.89,121008,47.56291858161389,12.599850000000018,10.639999999999997
2015-12-18,10.88,11.16,10.66,10.72,306224,45.28707170457834,12.557150000000018,10.657999999999996
2015-12-21,10.78,11.0399,10.53,10.93,138899,48.5613753186591,12.514150000000019,10.642999999999997
2015-12-22,10.93,11.03,10.7875,10.96,83251,49.030647433802876,12.468950000000017,10.674999999999995
2015-12-23,10.99,11.09,10.3119,10.4,135568,41.43220019268651,12.417150000000019,10.662999999999997
2015-12-24,10.38,10.61,10.22,10.39,85775,41.30908844619367,12.36605000000002,10.637999999999996
2015-12-28,10.28,10.49,10.25,10.36,110562,40.916295445923325,12.313150000000018,10.632999999999997
2015-12-29,10.4,10.6,10.22,10.55,196123,44.51472418846097,12.267250000000017,10.673999999999996
2015-12-30,10.5,10.61,10.2,10.23,127381,40.086547845097925,12.243050000000016,10.636999999999997
2015-12-31,10.06,10.23,9.67,9.69,300753,33.94921804969361,12.214300000000016,10.511999999999997
2016-01-04,9.61,10.51,9.32,10.29,449114,44.17609818576306,12.190900000000015,10.451999999999996
2016-01-05,10.29,10.44,10.155,10.22,183613,43.333119431374875,12.165700000000015,10.401999999999997
2016-01-06,10.2,10.95,10.11,10.82,239495,51.81976528955071,12.149400000000014,10.390999999999996
2016-01-07,10.68,10.85,10.26,10.85,148066,52.205192329583454,12.130300000000013,10.379999999999995
2016-01-08,10.89,11.26,10.75,11.08,243718,55.166395396236766,12.112900000000014,10.447999999999995
2016-01-11,11.16,11.3,10.87,11.28,204628,57.624975043802564,12.100000000000014,10.536999999999995
2016-01-12,11.37,11.4985,10.89,11.4,460629,59.075095997239124,12.085400000000016,10.640999999999995
2016-01-13,11.43,11.55,11.04,11.16,285399,55.01975313912863,12.070100000000016,10.701999999999995
2016-01-14,11.19,11.44,10.82,11.29,349111,56.75160189308651,12.058400000000015,10.807999999999995
2016-01-15,11.02,11.2,10.49,10.83,258040,49.49040377094362,12.051300000000015,10.921999999999993
2016-01-19,10.9,11.145,10.62,10.99,268690,51.80044649186076,12.046600000000014,10.991999999999994
2016-01-20,10.8,11.54,10.77,11.49,251285,58.22954430337611,12.047500000000014,11.118999999999993
2016-01-21,11.51,11.57,11.08,11.54,167944,58.8210607931688,12.046600000000012,11.190999999999994
2016-01-22,11.6,12.14,11.58,12.13,140950,65.10126810113417,12.049000000000012,11.318999999999994
2016-01-25,12.19,12.27,11.79,11.9,126030,61.18388214009732,12.048800000000012,11.400999999999994
2016-01-26,11.92,12.42,11.84,12.38,126009,65.80800571197672,12.051600000000015,11.510999999999994
2016-01-27,12.34,12.43,11.72,11.75,81841,56.32394370607592,12.045900000000016,11.545999999999994
2016-01-28,11.83,12.1574,11.48,11.59,82286,54.188032690524,12.040400000000012,11.588999999999995
2016-01-29,11.55,12.07,11.55,12.04,128476,58.907859654222854,12.040400000000012,11.663999999999996
2016-02-01,12.03,12.51,11.93,12.06,149990,59.10949736082706,12.039400000000011,11.786999999999995
2016-02-02,11.95,12.64,11.95,12.59,166374,64.13230972511332,12.042000000000012,11.946999999999996
2016-02-03,12.59,12.95,12.2,12.92,154540,66.8617687762129,12.049900000000012,12.089999999999996
2016-02-04,12.93,13.5,12.71,12.76,219238,64.30660082099115,12.055500000000011,12.211999999999998
2016-02-05,12.76,13.19,12.36,12.63,122604,62.22584811289805,12.051000000000013,12.261999999999997
2016-02-08,12.52,13.025,12.16,12.2,204388,55.79497701773934,12.037100000000015,12.291999999999996
2016-02-09,12.1,12.28,11.69,11.95,133233,52.404038076253265,12.016700000000014,12.248999999999995
2016-02-10,11.98,12.755,11.945,12.15,137713,54.77216686951145,12.006500000000015,12.288999999999996
2016-02-11,11.92,12.14,11.71,11.88,109445,51.07743646903325,11.995400000000016,12.317999999999994
2016-02-12,12.01,12.18,11.75,11.99,108470,52.483738800495736,11.982800000000015,12.312999999999997
2016-02-16,12.16,12.49,11.86,12.49,80387,58.345089405374736,11.973300000000016,12.355999999999998
2016-02-17,12.52,13.0,12.11,12.62,131432,59.735786943580685,11.962300000000013,12.358999999999998
2016-02-18,12.49,12.95,12.37,12.88,115018,62.43689897011913,11.949900000000016,12.354999999999997
2016-02-19,12.91,13.42,12.46,13.12,148049,64.78528828484593,11.936500000000015,12.390999999999995
2016-02-22,13.17,13.49,12.84,12.97,125077,62.16922172954959,11.929200000000014,12.424999999999997
2016-02-23,12.88,13.2,12.43,12.53,116924,55.136008037573326,11.913500000000015,12.457999999999997
2016-02-24,12.36,12.51,12.01,12.39,82520,53.07842918994151,11.895800000000015,12.501999999999997
2016-02-25,12.35,12.75,12.05,12.23,203347,50.74758533674203,11.882700000000016,12.509999999999996
2016-02-26,11.57,12.38,11.14,12.09,314021,48.73110445202889,11.868100000000016,12.530999999999997
2016-02-29,12.0,12.97,11.6,12.83,288142,58.18834530163724,11.860800000000015,12.614999999999998
2016-03-01,12.88,13.5,12.565,13.15,226295,61.495993779279296,11.854200000000017,12.681
2016-03-02,13.09,13.65,12.89,13.47,142598,64.51876580763178,11.850300000000018,12.766
2016-03-03,12.22,12.62,12.11,12.3,458190,49.2842623565137,11.834800000000019,12.708000000000002
2016-03-04,12.36,12.81,12.0701,12.25,197415,48.75444606932801,11.819600000000019,12.621
2016-03-07,12.22,12.48,12.0,12.34,155068,49.80054612452675,11.806100000000017,12.558000000000002
2016-03-08,12.32,12.5399,12.225,12.23,91390,48.49746652964279,11.793400000000018,12.528
2016-03-09,12.31,12.4,12.14,12.24,61859,48.629063629676175,11.780500000000018,12.513000000000002
2016-03-10,12.32,12.34,11.97,12.25,90125,48.77003355857568,11.766500000000017,12.514999999999999
2016-03-11,12.33,12.83,12.07,12.76,153057,55.479982085404004,11.758600000000017,12.581999999999999
2016-03-14,12.62,13.38,12.62,12.73,108730,55.02344229424057,11.750100000000018,12.572
2016-03-15,12.59,12.81,12.19,12.53,56596,51.954031598492584,11.738700000000017,12.509999999999996
2016-03-16,12.36,12.39,11.71,12.29,213362,48.460527086840194,11.726600000000017,12.391999999999996
2016-03-17,12.35,13.2,12.27,12.81,193088,55.45030774864511,11.715300000000015,12.442999999999996
2016-03-18,12.9,13.0,12.44,12.78,206503,54.98698240500066,11.705700000000014,12.495999999999995
2016-03-21,12.73,12.75,12.47,12.69,88645,53.5416109683555,11.695300000000016,12.530999999999995
2016-03-22,12.59,12.61,12.14,12.42,123383,49.35060748229905,11.684100000000017,12.549999999999994
2016-03-23,12.38,12.38,11.72,11.78,175875,41.13185695729267,11.660100000000016,12.503999999999992
2016-03-24,11.79,12.215,11.53,11.68,55721,40.0106303434407,11.630500000000016,12.446999999999992
2016-03-28,11.7,12.115,11.5,11.66,87961,39.77708954374058,11.599400000000017,12.33699999999999
2016-03-29,11.68,12.3,11.51,12.19,72437,48.376443884973625,11.582500000000016,12.28299999999999
2016-03-30,12.29,12.55,12.12,12.28,181079,49.690180153620396,11.567400000000015,12.25799999999999
2016-03-31,12.21,12.4,11.76,11.86,172653,44.055700128053715,11.551000000000014,12.21499999999999
2016-04-01,11.74,11.985,11.54,11.72,70662,42.33255757031333,11.547600000000015,12.10599999999999
2016-04-04,11.69,11.72,11.48,11.51,89647,39.81684026868702,11.545500000000015,11.978999999999989
2016-04-05,11.46,11.46,11.09,11.2,73319,36.37987159867942,11.545300000000015,11.829999999999988
2016-04-06,11.26,11.64,11.01,11.16,106173,35.94867566461815,11.548800000000018,11.703999999999986
2016-04-07,11.14,11.21,10.17,10.71,278392,31.434692660723968,11.546500000000016,11.596999999999985
2016-04-08,10.74,11.08,10.66,10.82,194872,33.62862237693676,11.547500000000015,11.510999999999985
2016-04-11,10.85,11.1,10.8499,10.93,101175,35.839529539712544,11.551600000000017,11.437999999999985
2016-04-12,10.89,11.27,10.88,11.04,81270,38.0614840004258,11.555600000000016,11.322999999999984
2016-04-13,11.07,11.335,11.06,11.2,50391,41.24859961229779,11.564600000000016,11.214999999999986
2016-04-14,11.2,11.26,11.08,11.16,48212,40.68496755275086,11.571300000000017,11.144999999999985
2016-04-15,11.03,11.18,10.92,11.02,35949,38.692173871415385,11.576200000000018,11.074999999999985
2016-04-18,11.03,11.14,10.92,11.13,62972,41.13198974879309,11.582100000000018,11.036999999999983
2016-04-19,11.19,11.279000000000002,10.84,10.91,50857,37.88470946134012,11.586600000000018,11.007999999999983
2016-04-20,10.87,11.11,10.86,10.9,104095,37.738864680993984,11.592200000000021,10.981999999999983
2016-04-21,10.86,11.05,10.86,10.9,103855,37.738864680993984,11.58980000000002,11.000999999999985
2016-04-22,10.91,11.36,10.91,11.19,130173,44.87616132391459,11.590000000000021,11.037999999999986
2016-04-25,11.16,11.75,11.16,11.28,336869,46.91019002861917,11.59180000000002,11.072999999999984
2016-04-26,11.32,11.86,11.28,11.66,324068,54.537880694953614,11.59930000000002,11.134999999999986
2016-04-27,11.57,11.74,11.17,11.33,237363,48.077753164585694,11.60170000000002,11.147999999999985
2016-04-28,11.33,11.61,10.89,11.24,200578,46.4613564036942,11.606400000000022,11.155999999999985
2016-04-29,11.13,11.21,10.92,11.15,172003,44.83792480188457,11.612500000000022,11.168999999999986
2016-05-02,11.27,11.49,11.04,11.37,140869,49.48448679171495,11.615400000000022,11.192999999999987
2016-05-03,11.38,11.51,10.85,11.02,342894,43.24364114901217,11.61920000000002,11.203999999999986
2016-05-04,10.05,11.6,9.8,11.07,287291,44.32390484798539,11.62470000000002,11.220999999999986
2016-05-05,11.06,11.2,10.81,10.9,229407,41.43616285624824,11.627300000000021,11.220999999999986
2016-05-06,10.93,11.13,10.7,10.89,183478,41.265850195638286,11.63210000000002,11.190999999999987
2016-05-09,10.97,11.11,10.69,10.96,129594,43.03102819866972,11.64030000000002,11.158999999999986
2016-05-10,10.98,11.0,10.74,10.96,126272,43.03102819866972,11.643900000000022,11.088999999999988
2016-05-11,10.91,10.97,10.72,10.74,173920,38.78259589173391,11.641900000000021,11.029999999999987
2016-05-12,10.81,10.9249,10.25,10.36,212663,32.765237264329656,11.63660000000002,10.941999999999988
2016-05-13,10.35,10.44,10.01,10.11,134225,29.520134542688524,11.630500000000017,10.837999999999987
2016-05-16,10.1,10.235,9.7,10.14,85532,30.410816797587614,11.622600000000018,10.714999999999986
2016-05-17,10.05,10.3,9.55,9.68,111228,25.160372448991126,11.609800000000018,10.580999999999987
2016-05-18,9.62,9.62,9.28,9.45,149894,23.020276711237727,11.600300000000018,10.418999999999988
2016-05-19,9.32,9.54,9.32,9.46,198275,23.32564442547934,11.591000000000017,10.274999999999988
2016-05-20,9.51,9.51,9.29,9.44,68833,23.128038369195963,11.581800000000019,10.129999999999988
2016-05-23,9.43,9.55,9.35,9.42,74813,22.918942306737108,11.57050000000002,9.975999999999988
2016-05-24,9.46,9.64,9.3,9.47,80209,24.750560780825722,11.56290000000002,9.826999999999988
2016-05-25,9.475,9.6,9.36,9.56,65317,28.064086175531017,11.56160000000002,9.708999999999987
2016-05-26,9.53,9.73,9.53,9.62,114590,30.26858040605177,11.554900000000018,9.634999999999987
2016-05-27,9.59,9.65,9.43,9.58,101661,29.616956434599203,11.548500000000017,9.581999999999988
2016-05-31,9.57,9.76,9.29,9.38,143172,26.54038562064858,11.534100000000018,9.505999999999988
2016-06-01,9.37,9.5,9.3047,9.46,71734,29.686745281115506,11.52020000000002,9.483999999999986
2016-06-02,9.4,9.54,9.39,9.53,66264,32.414504062009044,11.504700000000021,9.491999999999987
2016-06-03,9.49,9.78,9.49,9.5,54626,31.844328299786014,11.486900000000022,9.495999999999986
2016-06-06,9.5,10.22,9.48,10.14,181709,51.460301115083276,11.47430000000002,9.565999999999987
2016-06-07,10.11,10.17,9.9,10.1,92402,50.48236111862382,11.463700000000019,9.633999999999986
2016-06-08,10.08,10.08,9.88,9.97,69509,47.33402313845555,11.45050000000002,9.683999999999987
2016-06-09,9.93,10.04,9.8,9.89,44182,45.455321802732364,11.441100000000022,9.716999999999986
2016-06-10,9.8,9.92,9.65,9.85,63762,44.50419169209362,11.42970000000002,9.739999999999984
2016-06-13,9.77,9.81,9.36,9.54,93252,37.88754370660103,11.410200000000021,9.735999999999986
2016-06-14,9.44,9.81,9.3,9.73,80770,43.438113747205186,11.39210000000002,9.770999999999987
2016-06-15,9.73,9.98,9.63,9.65,50024,41.746504428457875,11.367300000000021,9.789999999999987
2016-06-16,9.68,9.77,9.44,9.73,42505,44.09123887111612,11.34560000000002,9.809999999999986
2016-06-17,9.77,10.09,9.71,10.06,188677,52.57167347622035,11.322400000000018,9.865999999999987
2016-06-20,10.07,10.15,9.84,10.0,59245,51.05531733531646,11.304900000000018,9.851999999999986
2016-06-21,10.0,10.0,9.72,9.89,45428,48.30449179439996,11.28790000000002,9.830999999999987
2016-06-22,9.91,9.99,9.75,9.9,38736,48.57574947078583,11.266500000000022,9.823999999999987
2016-06-23,9.99,10.09,9.87,9.93,58610,49.43298950556465,11.245200000000022,9.827999999999987
2016-06-24,9.48,10.39,9.42,10.31,108790,58.801365656931914,11.222400000000023,9.873999999999988
2016-06-27,10.09,10.34,9.54,9.73,128991,45.07484754075512,11.190500000000021,9.89299999999999
2016-06-28,9.81,10.06,9.64,9.71,93647,44.687460281139856,11.160000000000023,9.89099999999999
2016-06-29,9.78,10.03,9.7601,9.81,118759,47.133945812024365,11.131800000000021,9.90699999999999
2016-06-30,9.84,9.95,9.7241,9.78,62405,46.46990198139158,11.107600000000021,9.911999999999988
2016-07-01,9.74,10.15,9.72,9.81,83234,47.26993141922092,11.08620000000002,9.88699999999999
2016-07-05,9.81,9.908999999999999,9.65,9.73,52609,45.32459259789011,11.062000000000019,9.859999999999989
2016-07-06,9.65,9.79,9.5,9.56,71728,41.42338152586694,11.038800000000016,9.82699999999999
2016-07-07,9.55,9.65,9.44,9.64,124124,43.87172845155334,11.015300000000018,9.80099999999999
2016-07-08,9.69,10.24,9.69,10.12,80992,55.807124917932086,10.991600000000016,9.81999999999999
2016-07-11,10.12,10.37,10.03,10.21,55483,57.626553151495735,10.967500000000019,9.809999999999992
2016-07-12,10.16,10.3,10.11,10.25,108084,58.44540233469168,10.941200000000016,9.861999999999991
2016-07-13,10.3,10.305,9.92,10.05,105204,52.93701738215801,10.910500000000019,9.89599999999999
2016-07-14,10.04,10.16,9.96,10.0,220089,51.62700454869261,10.880800000000017,9.914999999999988
2016-07-15,10.06,10.2099,9.87,9.88,60675,48.52342114911704,10.854300000000018,9.924999999999988
2016-07-18,9.87,10.07,9.81,9.82,57263,47.0019726170241,10.828600000000018,9.925999999999988
2016-07-19,9.81,10.09,9.81,9.97,35179,51.12763688048262,10.806000000000017,9.949999999999987
2016-07-20,10.01,10.22,9.9,9.95,50276,50.5624581912596,10.784600000000019,9.988999999999987
2016-07-21,9.95,10.04,9.81,9.82,35676,46.930946777574846,10.754500000000018,10.006999999999987
2016-07-22,9.81,10.04,9.81,9.85,53476,47.86158238604986,10.721500000000017,9.979999999999986
2016-07-25,9.84,10.47,9.84,10.36,102784,60.53257688575672,10.690400000000016,9.994999999999985
2016-07-26,8.68,8.79,7.99,8.0,1415966,27.376701903513492,10.647400000000015,9.769999999999985
2016-07-27,8.0,8.14,7.3935,7.53,528956,24.498736576376814,10.600200000000015,9.517999999999985
2016-07-28,7.5,7.54,7.36,7.4,221472,23.754882919680924,10.550800000000017,9.257999999999985
2016-07-29,7.38,7.56,7.22,7.39,153049,23.69528281233626,10.502400000000017,9.008999999999986
2016-08-01,7.43,7.63,7.38,7.42,195744,24.308826264521954,10.45420000000002,8.768999999999986
2016-08-02,7.44,7.45,7.23,7.38,184552,24.031369145007233,10.40550000000002,8.509999999999986
2016-08-03,7.33,7.49,7.33,7.38,113240,24.031369145007233,10.35170000000002,8.252999999999984
2016-08-04,7.35,7.38,7.245,7.25,185500,23.040149492920577,10.29690000000002,7.995999999999984
2016-08-05,7.0,7.05,6.771,6.95,371168,20.897960072939824,10.241100000000023,7.705999999999984
2016-08-08,6.94,6.99,6.91,6.95,168066,20.897960072939824,10.187700000000023,7.364999999999985
2016-08-09,6.94,6.99,6.8,6.8,194837,19.828880237262553,10.127600000000022,7.244999999999985
2016-08-10,6.79,6.94,6.74,6.81,223022,20.122256825337175,10.067900000000023,7.172999999999985
2016-08-11,6.86,7.0,6.78,6.9,398562,22.8583058158099,10.010000000000021,7.122999999999985
2016-08-12,6.92,7.19,6.92,7.04,206106,27.044563458785646,9.956200000000022,7.087999999999985
2016-08-15,7.08,7.26,6.955,7.0,255873,26.600401246529955,9.908400000000022,7.045999999999985
2016-08-16,7.02,7.15,6.93,6.97,105689,26.252166004405908,9.861300000000023,7.004999999999986
2016-08-17,6.99,7.0,6.74,6.82,132679,24.523460652249838,9.812900000000024,6.9489999999999865
2016-08-18,6.8,6.9,6.78,6.84,80932,25.230435730230127,9.759400000000023,6.907999999999987
2016-08-19,6.8,6.87,6.62,6.63,260855,22.81403875892022,9.702900000000023,6.875999999999986
2016-08-22,6.63,6.74,6.52,6.66,122532,23.934807841271237,9.650900000000023,6.846999999999985
2016-08-23,6.65,6.77,6.61,6.69,80830,25.10595055652584,9.600600000000023,6.835999999999986
2016-08-24,6.72,7.145,6.72,6.92,224217,33.55274911120688,9.554700000000024,6.846999999999985
2016-08-25,6.93,6.93,6.8,6.83,67432,32.03042581686853,9.511000000000022,6.839999999999985
2016-08-26,6.77,6.92,6.75,6.78,55045,31.18393570735357,9.467200000000023,6.813999999999984
2016-08-29,6.81,6.92,6.71,6.72,123336,30.154091905683273,9.427300000000024,6.7859999999999845
2016-08-30,6.73,6.78,6.67,6.68,80855,29.455693703822092,9.385900000000023,6.7569999999999855
2016-08-31,6.74,6.74,6.48,6.54,161219,27.090700880586027,9.342000000000022,6.728999999999985
2016-09-01,6.53,6.59,6.45,6.55,101944,27.538234976430502,9.297100000000022,6.699999999999984
2016-09-02,6.55,6.6,6.505,6.55,108203,27.538234976430502,9.250600000000022,6.691999999999984
2016-09-06,6.54,6.57,6.52,6.53,94498,27.15165542252717,9.204300000000021,6.678999999999985
2016-09-07,6.53,6.6,6.53,6.55,126345,28.236557956424406,9.15960000000002,6.664999999999985
2016-09-08,6.54,6.56,6.42,6.47,124680,26.53430746501057,9.11300000000002,6.619999999999985
2016-09-09,6.47,6.53,6.25,6.25,157762,22.514608814503035,9.066400000000021,6.561999999999985
2016-09-12,6.25,6.31,6.1,6.14,105434,20.81656282608988,9.018800000000022,6.497999999999985
2016-09-13,6.15,6.15,5.97,5.99,168981,18.740891671170843,8.969700000000023,6.424999999999985
2016-09-14,5.98,6.2609,5.9,6.02,282625,20.44936367078364,8.91800000000002,6.358999999999984
2016-09-15,5.98,6.06,5.85,5.88,119130,18.4950967338942,8.864000000000022,6.292999999999984
2016-09-16,5.83,5.9727,5.8,5.925,294589,21.10499021064861,8.80665000000002,6.230499999999985
2016-09-19,5.91,5.95,5.76,5.78,80095,18.994396162181374,8.75115000000002,6.153499999999985
2016-09-20,5.8,5.86,5.6,5.64,130578,17.20532673086707,8.69515000000002,6.064499999999986
2016-09-21,5.69,5.83,5.47,5.48,142363,15.417991058296693,8.63845000000002,5.957499999999986
2016-09-22,5.48,5.48,5.15,5.23,495806,13.123899241177597,8.577050000000021,5.833499999999987
2016-09-23,5.23,5.41,5.23,5.29,381540,16.34119215865124,8.519750000000021,5.7374999999999865
2016-09-26,5.28,5.32,5.06,5.12,200812,14.682133279881128,8.46025000000002,5.635499999999986
2016-09-27,5.09,5.27,4.91,4.98,232605,13.469336429547127,8.401050000000021,5.534499999999986
2016-09-28,4.98,5.0,4.8,4.81,286246,12.156220591164171,8.34025000000002,5.413499999999987
2016-09-29,4.81,4.87,4.74,4.76,195142,11.792093070818751,8.27825000000002,5.301499999999986
2016-09-30,4.76,4.81,4.67,4.76,241197,11.792093070818751,8.21625000000002,5.184999999999986
2016-10-03,4.77,4.8103,4.675,4.72,193926,11.473233028417738,8.15605000000002,5.0789999999999855
2016-10-04,4.74,4.97,4.63,4.65,282612,10.916904361756153,8.09895000000002,4.979999999999985
2016-10-05,4.69,4.7,4.51,4.52,285390,9.951793960650136,8.043050000000019,4.883999999999984
2016-10-06,4.5,4.78,4.41,4.57,330359,13.132659784165867,7.98735000000002,4.817999999999985
2016-10-07,4.59,4.6455,4.45,4.49,152578,12.379187810715536,7.93545000000002,4.737999999999985
2016-10-10,4.49,4.76,4.48,4.65,273346,22.016023709800052,7.887450000000019,4.690999999999986
2016-10-11,4.68,4.73,4.53,4.54,135877,20.358250810921916,7.838250000000019,4.646999999999986
2016-10-12,4.53,4.64,4.46,4.58,168176,22.639421841278235,7.789650000000019,4.6239999999999855
2016-10-13,4.53,4.5727,4.38,4.4,239685,19.879930048484383,7.739450000000018,4.587999999999985
2016-10-14,4.38,4.42,4.2669999999999995,4.36,175123,19.316469268603285,7.6883500000000184,4.547999999999986
2016-10-17,4.4,4.5,4.325,4.35,77025,19.170184260724483,7.636250000000019,4.510999999999986
2016-10-18,4.4,4.885,4.35,4.7,396741,37.11927136568149,7.58705000000002,4.515999999999986
2016-10-19,4.75,4.95,4.6,4.85,320520,42.96477376373311,7.539750000000019,4.548999999999987
2016-10-20,4.8,4.9,4.5,4.65,342265,37.90507092437813,7.492450000000019,4.556999999999986
2016-10-21,4.7,4.7,4.6,4.65,130480,37.90507092437813,7.444350000000019,4.572999999999986
2016-10-24,4.7,4.8,4.45,4.55,150157,35.48203228573074,7.394550000000018,4.562999999999986
2016-10-25,4.5,4.55,4.25,4.4,242329,32.16103178060558,7.343550000000018,4.548999999999986
2016-10-26,4.4,4.6,4.3,4.4,201124,32.16103178060558,7.286150000000018,4.530999999999986
2016-10-27,4.35,4.45,4.3,4.45,92636,34.529956166584654,7.229650000000018,4.535999999999986
2016-10-28,4.45,4.6001,4.35,4.55,146576,39.10963694644948,7.175450000000017,4.554999999999986
2016-10-31,4.6,4.75,4.55,4.7,156161,45.29155045869148,7.1235500000000185,4.5899999999999865
2016-11-01,4.7,5.0,4.4705,4.5,307333,39.529013111635656,7.070050000000018,4.569999999999986
2016-11-02,4.5,4.6431,4.4,4.55,84987,41.53182782952752,7.020150000000018,4.539999999999986
2016-11-03,4.6,4.8,4.45,4.5,123125,40.10148909160521,6.967850000000018,4.524999999999986
2016-11-04,4.05,4.35,4.05,4.15,202479,31.836143261831936,6.9128500000000175,4.474999999999985
2016-11-07,4.2,4.2,3.75,3.85,363818,26.74730691219267,6.854050000000018,4.404999999999986
2016-11-08,3.85,4.05,3.51,3.9,407854,28.79031704015368,6.792450000000018,4.354999999999986
2016-11-09,3.85,4.35,3.75,4.3,338166,42.58590251748312,6.735450000000018,4.344999999999986
2016-11-10,4.35,4.5,4.2,4.45,219010,46.751919110102754,6.681050000000019,4.344999999999986
2016-11-11,4.5,4.55,4.35,4.55,111983,49.38852300225622,6.627550000000018,4.344999999999986
2016-11-14,4.6,4.65,4.3501,4.5,140752,48.10591456581376,6.5732500000000185,4.324999999999986
2016-11-15,4.45,4.5,4.35,4.45,71221,46.7971188848018,6.51465000000002,4.319999999999986
2016-11-16,4.45,4.5,4.35,4.4,66568,45.465023031703566,6.461350000000019,4.304999999999986
2016-11-17,4.4,4.4,4.2,4.2,97794,40.499034577625046,6.4062500000000195,4.274999999999986
2016-11-18,4.25,4.3,4.05,4.2,152512,40.499034577625046,6.350150000000021,4.279999999999987
2016-11-21,4.2,4.55,4.2,4.5,188671,49.99983790708419,6.29735000000002,4.344999999999986
2016-11-22,4.55,4.6,4.05,4.15,219493,41.645118143621616,6.240750000000021,4.369999999999987
2016-11-23,4.2,4.35,4.05,4.25,99276,44.49865469598418,6.1859500000000205,4.364999999999987
2016-11-25,4.2,4.35,4.2,4.35,66417,47.275206718095895,6.133850000000021,4.354999999999987
2016-11-28,4.3,4.3,4.0,4.0,155058,39.77511642284365,6.077450000000022,4.299999999999987
2016-11-29,4.05,4.55,3.9,4.3,672900,47.46808845411871,6.019250000000021,4.279999999999987
2016-11-30,4.35,4.4,4.05,4.2,271779,45.38689667396893,5.9591500000000215,4.254999999999987
2016-12-01,4.15,4.3,4.15,4.2,197131,45.38689667396893,5.898650000000021,4.234999999999987
2016-12-02,4.2,4.3,4.15,4.15,153805,44.26157522681629,5.839650000000022,4.229999999999987
2016-12-05,4.2,4.3,4.1,4.25,145944,47.08724348509972,5.782150000000022,4.234999999999987
2016-12-06,4.25,4.5,4.2,4.3,129810,48.49324364737556,5.726350000000021,4.2149999999999865
2016-12-07,4.25,4.75,4.25,4.65,264614,57.08887214023575,5.674650000000021,4.264999999999986
2016-12-08,4.65,4.85,4.6499,4.7,130661,58.16301117240453,5.621950000000021,4.309999999999986
2016-12-09,4.7,5.0,4.6,4.95,173941,63.13227037199003,5.571950000000021,4.369999999999987
2016-12-12,5.0,5.1,4.7,4.8,174135,58.63235348921854,5.52175000000002,4.449999999999987
2016-12-13,4.85,5.0,4.7,5.0,142626,62.473128476573955,5.47325000000002,4.519999999999987
2016-12-14,5.0,5.0794,4.8,4.95,161071,60.94958964118427,5.41915000000002,4.594999999999986
2016-12-15,4.9,5.1,4.7,4.75,287076,55.155396593715814,5.38665000000002,4.649999999999986
2016-12-16,4.75,4.95,4.7,4.8,372154,56.27452872718752,5.35935000000002,4.7149999999999865
2016-12-19,4.85,5.0,4.7,4.85,112162,57.41891485951662,5.33385000000002,4.774999999999986
2016-12-20,4.95,5.0,4.8,4.85,111135,57.41891485951662,5.308450000000021,4.829999999999987
2016-12-21,4.85,4.85,4.7001,4.75,123552,54.13269155494933,5.281750000000021,4.839999999999987
2016-12-22,4.75,4.75,4.5,4.55,124894,48.19206435127558,5.25345000000002,4.824999999999987
2016-12-23,4.5,4.6421,4.5,4.55,68609,48.19206435127558,5.225150000000021,4.784999999999986
2016-12-27,4.5,4.6,4.45,4.5,107303,46.70594324912252,5.197650000000021,4.754999999999987
2016-12-28,4.75,4.75,4.2,4.25,244356,40.05491000104783,5.17065000000002,4.679999999999986
2016-12-29,4.25,4.35,4.1,4.3,247127,41.8387877982702,5.144150000000019,4.614999999999986
2016-12-30,4.25,4.35,4.05,4.1,634958,37.0848578590906,5.117150000000019,4.549999999999986
2017-01-03,4.2,4.2,4.0,4.05,147927,35.98405763421063,5.08955000000002,4.474999999999985
2017-01-04,4.1,4.55,4.1,4.55,169518,51.490803117212195,5.066050000000019,4.444999999999985
2017-01-05,4.5,4.55,4.3,4.35,57374,46.625593430424765,5.03915000000002,4.394999999999985
2017-01-06,4.1,4.6,4.1,4.45,222234,49.209682689252475,5.01365000000002,4.364999999999986
2017-01-09,4.45,4.55,4.225,4.25,53540,44.56280104164703,4.986450000000019,4.334999999999986
2017-01-10,4.25,4.45,4.15,4.4,81221,48.491391951344895,4.962250000000019,4.319999999999986
2017-01-11,4.35,4.75,4.3,4.7,194826,55.31224570795475,4.940850000000019,4.3399999999999865
2017-01-12,4.65,4.795,4.5,4.5,94839,50.51014802766086,4.919550000000019,4.364999999999986
2017-01-13,4.5,4.5,4.2,4.3,119168,46.19142145482566,4.895950000000019,4.364999999999986
2017-01-17,4.3,4.5,4.1,4.35,217759,47.40221259665815,4.872550000000019,4.389999999999986
2017-01-18,4.4,4.45,4.1,4.3,253698,46.28070463393007,4.846350000000019,4.414999999999987
2017-01-19,4.3,4.3,4.1,4.2,159411,44.03665356887888,4.82005000000002,4.379999999999987
2017-01-20,4.15,4.2001,4.1,4.1,148079,41.85127753599176,4.79325000000002,4.354999999999987
2017-01-23,4.15,4.2,4.05,4.05,125592,40.762040325760935,4.76655000000002,4.314999999999986
2017-01-24,4.1,4.15,4.05,4.05,141758,40.762040325760935,4.74025000000002,4.294999999999986
2017-01-25,4.1,4.15,4.05,4.1,113817,42.49771458304826,4.71585000000002,4.264999999999986
2017-01-26,4.05,4.4,4.05,4.4,320944,51.65125794633579,4.69435000000002,4.234999999999986
2017-01-27,4.4,4.4,4.15,4.35,117490,50.21648274751949,4.672350000000019,4.219999999999986
2017-01-30,4.3,4.4,4.3,4.4,154685,51.6624946715359,4.651050000000019,4.229999999999986
2017-01-31,4.35,4.5,4.3,4.4,184479,51.6624946715359,4.62955000000002,4.234999999999986
2017-02-01,4.4,4.45,4.2,4.3,209960,48.40153945234132,4.607850000000019,4.234999999999986
2017-02-02,4.35,4.5,4.2,4.45,217330,53.1758963062273,4.589850000000019,4.259999999999986
2017-02-03,4.45,4.5,4.3,4.35,107931,49.8634140042969,4.571950000000019,4.284999999999986
2017-02-06,4.3,4.4,4.25,4.3,93073,48.24515821142356,4.555050000000019,4.309999999999986
2017-02-07,4.3,4.4,4.25,4.35,158324,49.992916498844195,4.53835000000002,4.3399999999999865
2017-02-08,4.3,4.45,4.3,4.4,108432,51.74773721421766,4.52355000000002,4.369999999999986
2017-02-09,4.4,4.48,4.4,4.45,64949,53.50482631099681,4.5088000000000195,4.374999999999987
2017-02-10,4.3,4.31,3.8,3.9,555816,37.38005914828941,4.49000000000002,4.329999999999986
2017-02-13,3.9,3.98,3.8,3.85,155402,36.308776413858084,4.47210000000002,4.274999999999986
2017-02-14,3.85,3.85,3.6,3.65,237899,32.31885156323605,4.453800000000019,4.199999999999987
2017-02-15,3.7,3.9,3.65,3.7,112452,34.263688204654656,4.438500000000019,4.139999999999987
2017-02-16,3.7,3.83,3.65,3.75,115818,36.236881545312045,4.4231000000000185,4.069999999999987
2017-02-17,3.8,3.8,3.65,3.8,82017,38.233530739289726,4.409900000000019,4.014999999999986
2017-02-21,3.8,3.8,3.7,3.75,61282,36.98626948516257,4.397600000000018,3.9599999999999866
2017-02-22,3.7,3.75,3.65,3.7,112020,35.730983501602296,4.3865000000000185,3.8949999999999867
2017-02-23,3.75,3.75,3.65,3.65,48538,34.47106757170121,4.375400000000019,3.819999999999987
2017-02-24,3.65,3.95,3.6,3.9,152996,44.927551409566945,4.366800000000018,3.7649999999999864
2017-02-27,3.9,4.05,3.79,3.95,183426,46.757446259329605,4.3591000000000175,3.7699999999999867
2017-02-28,3.95,4.0,3.8,3.8,278125,42.22467312653806,4.350600000000018,3.7649999999999864
2017-03-01,3.8,4.0,3.75,3.9,243111,45.98415340658835,4.344400000000018,3.7899999999999863
2017-03-02,4.2,4.2,3.65,4.05,316632,51.12193187824543,4.339200000000019,3.824999999999986
2017-03-03,4.05,4.05,3.61,3.7,388841,41.26031373418728,4.331300000000018,3.819999999999986
2017-03-06,3.7,3.73,3.55,3.6,174630,38.94852280850885,4.320800000000019,3.7999999999999865
2017-03-07,3.6,3.6,3.2,3.3,580165,32.97876915993555,4.308400000000018,3.754999999999986
2017-03-08,3.25,3.55,3.16,3.45,222394,38.088428363906374,4.297100000000018,3.729999999999986
2017-03-09,3.45,3.5,3.4,3.4,75428,37.07379302233284,4.287100000000018,3.7049999999999863
2017-03-10,3.4,3.6,3.4,3.55,134571,42.060328352836834,4.279000000000019,3.669999999999986
2017-03-13,3.55,3.6,3.55,3.6,65613,43.66292801281443,4.271500000000018,3.634999999999986
2017-03-14,3.65,4.25,3.55,4.05,772695,55.57319054608155,4.265000000000018,3.659999999999986
2017-03-15,4.05,4.25,4.0,4.15,369114,57.71267645818365,4.258000000000019,3.684999999999986
2017-03-16,4.15,4.55,4.1,4.55,288588,64.97793024316246,4.257000000000018,3.734999999999986
2017-03-17,4.5,4.65,4.4,4.55,217139,64.97793024316246,4.256000000000019,3.819999999999985
2017-03-20,4.5,4.65,4.4,4.55,152901,64.97793024316246,4.256000000000019,3.914999999999985
2017-03-21,4.6,4.6,4.4,4.4,44268,60.1386622665312,4.256000000000019,4.024999999999985
2017-03-22,4.4,4.5,4.15,4.4,128336,60.1386622665312,4.256000000000019,4.119999999999985
2017-03-23,4.4,4.6,4.4,4.4,45938,60.1386622665312,4.255500000000019,4.219999999999985
2017-03-24,4.45,4.55,4.4,4.5,83601,62.466212084514154,4.2550000000000185,4.314999999999985
2017-03-27,4.5,4.95,4.5,4.93,358321,70.45504861324223,4.2573000000000185,4.447999999999984
2017-03-28,4.9,5.59,4.73,5.5,491576,77.34013678432163,4.267300000000019,4.592999999999985
2017-03-29,5.55,5.55,5.2,5.45,229142,75.67421734268828,4.276300000000019,4.722999999999986
2017-03-30,5.4,5.5,5.25,5.35,368703,72.31903326795478,4.284800000000019,4.802999999999986
2017-03-31,5.3,5.75,5.21,5.75,218802,76.75804029384192,4.300800000000019,4.922999999999986
2017-04-03,5.85,5.95,5.6,5.95,303205,78.60544687496508,4.321800000000019,5.062999999999986
2017-04-04,5.95,6.0,5.55,5.6,141724,68.3644384102647,4.3388000000000195,5.182999999999987
2017-04-05,5.7,5.9,5.55,5.55,341355,67.02109136926985,4.35130000000002,5.297999999999987
2017-04-06,5.55,5.9,5.55,5.85,190207,70.73660315384556,4.36530000000002,5.442999999999987
2017-04-07,5.85,6.0,5.77,5.85,242645,70.73660315384556,4.37830000000002,5.577999999999987
2017-04-10,5.85,5.95,5.8,5.95,163023,71.95795328701173,4.39280000000002,5.679999999999987
2017-04-11,5.95,6.0,5.58,5.7,203900,64.68901957662547,4.40530000000002,5.699999999999988
2017-04-12,5.7,5.95,5.45,5.8,151988,66.16149400408796,4.41930000000002,5.734999999999987
2017-04-13,5.8,5.95,5.75,5.8,95779,66.16149400408794,4.43530000000002,5.779999999999987
2017-04-17,5.8,5.85,5.5,5.85,163777,66.96042955799163,4.451800000000021,5.789999999999987
2017-04-18,5.8,5.95,5.75,5.8,136320,65.30008211039234,4.464800000000021,5.774999999999986
2017-04-19,5.75,5.8,5.55,5.65,164475,60.456881818740236,4.47980000000002,5.779999999999986
2017-04-20,5.65,5.7,5.5,5.6,121887,58.888989497439134,4.493300000000021,5.784999999999987
2017-04-21,5.6,5.63,5.4,5.45,290924,54.33631491582074,4.50430000000002,5.744999999999987
2017-04-24,5.55,5.6,5.4,5.45,113772,54.33631491582074,4.51880000000002,5.704999999999987
2017-04-25,5.55,5.75,5.35,5.6,343157,58.093664144080385,4.531800000000021,5.669999999999987
2017-04-26,5.6,5.95,5.6,5.85,219905,63.486286878836026,4.548300000000021,5.684999999999986
2017-04-27,5.9,6.0,5.65,5.9,131871,64.47101828367784,4.565300000000021,5.694999999999987
2017-04-28,5.95,5.95,5.8,5.85,112434,62.65141237363344,4.582300000000021,5.699999999999987
2017-05-01,5.9,5.9,5.35,5.4,244623,49.19422924440863,4.593800000000021,5.654999999999987
2017-05-02,5.35,5.7,5.35,5.6,126615,53.93052412074233,4.606800000000021,5.634999999999987
2017-05-03,5.6,5.7,5.5,5.6,99776,53.93052412074233,4.616300000000021,5.6299999999999875
2017-05-04,5.55,5.63,5.3,5.55,154210,52.511182740366266,4.624800000000022,5.624999999999988
2017-05-05,5.55,5.6,5.5,5.55,42929,52.511182740366266,4.630800000000022,5.6349999999999865
2017-05-08,5.55,5.7,5.2,5.65,248264,55.24336112184634,4.639300000000022,5.654999999999986
2017-05-09,5.7,5.9,5.45,5.8,206533,59.049245156845885,4.647300000000022,5.674999999999986
2017-05-10,5.7,5.85,5.4,5.5,323436,49.908398920414974,4.652800000000022,5.6399999999999855
2017-05-11,5.5,5.64,4.95,5.2,300539,42.777107958281114,4.6573000000000215,5.569999999999986
2017-05-12,5.15,5.18,4.8,4.83,104609,35.95367459351745,4.657600000000022,5.467999999999986
2017-05-15,4.75,4.85,4.55,4.8,223093,35.45978278868451,4.657100000000021,5.407999999999985
2017-05-16,4.8,5.04,4.5,4.55,166169,31.56807619649844,4.654100000000021,5.302999999999985
2017-05-17,4.5,4.65,4.35,4.55,199393,31.56807619649844,4.652100000000021,5.197999999999984
2017-05-18,4.55,4.75,4.35,4.55,163460,31.56807619649844,4.652100000000021,5.097999999999985
2017-05-19,4.5,4.8,4.45,4.75,134511,38.330725906755774,4.654100000000021,5.017999999999985
2017-05-22,4.75,4.9,4.75,4.85,53606,41.44649815281698,4.657600000000022,4.9379999999999855
2017-05-23,4.85,4.95,4.8,4.85,72737,41.44649815281698,4.663600000000022,4.842999999999986
2017-05-24,4.85,4.9,4.8,4.85,61265,41.44649815281698,4.669100000000022,4.777999999999986
2017-05-25,4.9,5.0,4.8,4.9,115132,43.237445645560584,4.677100000000022,4.747999999999985
2017-05-26,4.9,4.97,4.7,4.85,104414,41.858650068920454,4.685100000000022,4.749999999999986
2017-05-30,4.8,4.9,4.78,4.8,46628,40.46887143998587,4.687600000000021,4.749999999999986
2017-05-31,4.75,4.9,4.6,4.85,128082,42.52396635415283,4.692600000000022,4.779999999999986
2017-06-01,4.8,4.95,4.75,4.8,94439,40.99972616550251,4.696100000000022,4.804999999999986
2017-06-02,4.75,4.95,4.3,4.4,200936,31.325906962618774,4.697600000000022,4.789999999999987
2017-06-05,4.4,4.46,4.3,4.4,121028,31.325906962618774,4.697600000000022,4.754999999999987
2017-06-06,4.4,4.4,4.1,4.1,93136,25.991572975863548,4.6916000000000215,4.679999999999986
2017-06-07,4.1,4.3,4.0,4.0,386314,24.494286922184713,4.686600000000022,4.594999999999986
2017-06-08,4.1,4.15,3.95,4.15,173744,30.922425605762896,4.685100000000022,4.524999999999986
2017-06-09,4.15,4.24,3.95,4.05,149372,29.141248891228074,4.6821000000000215,4.439999999999985
2017-06-12,4.1,4.15,3.55,3.63,292376,23.11814435731175,4.675400000000021,4.317999999999985
2017-06-13,3.6,3.8,3.55,3.75,159147,27.715161213971385,4.670900000000021,4.212999999999986
2017-06-14,3.8,3.85,3.43,3.5,171146,24.436911704858005,4.664900000000021,4.077999999999986
2017-06-15,3.55,3.65,3.35,3.6,219402,28.10040751580901,4.660400000000021,3.9579999999999864
2017-06-16,3.55,3.75,3.4,3.75,355841,33.322463105661114,4.657400000000021,3.8929999999999865
2017-06-19,3.75,4.05,3.5,4.0,279820,41.01218767649847,4.656400000000021,3.8529999999999864
2017-06-20,4.1,4.2,3.75,3.85,281868,38.16794927131504,4.650900000000021,3.8279999999999865
2017-06-21,3.85,4.0,3.6,3.7,163684,35.51545118138459,4.644400000000021,3.7979999999999867
2017-06-22,3.7,4.0,3.7,3.9,91701,41.366399194974456,4.639400000000021,3.772999999999987
2017-06-23,3.9,4.05,3.8,4.0,199735,44.09761249040184,4.635400000000021,3.7679999999999874
2017-06-26,4.0,4.09,3.8,3.85,82392,41.01163946696271,4.630900000000022,3.789999999999987
2017-06-27,3.8,4.0,3.75,3.8,182912,40.006624821226,4.624400000000022,3.7949999999999866
2017-06-28,3.85,3.9,3.65,3.7,268598,38.000889154769425,4.617900000000021,3.814999999999987
2017-06-29,3.75,3.81,3.6,3.75,170543,39.63061014108362,4.612400000000021,3.8299999999999867
2017-06-30,3.8,3.95,3.8,3.9,92786,44.3561447402332,4.60790000000002,3.844999999999987
2017-07-03,3.9,4.05,3.8,4.0,46967,47.31687674766995,4.603900000000021,3.844999999999987
2017-07-05,3.95,4.05,3.8,3.9,289000,44.75248860287382,4.598400000000021,3.8499999999999863
2017-07-06,3.9,3.95,3.85,3.9,77252,44.75248860287382,4.598400000000021,3.869999999999986
2017-07-07,3.85,4.1,3.85,4.0,214204,48.019690112867224,4.59990000000002,3.879999999999986
2017-07-10,4.0,4.2,4.0,4.1,88652,51.13193004852099,4.604400000000021,3.8899999999999864
2017-07-11,4.15,4.2,4.05,4.15,178576,52.65820785408739,4.608900000000021,3.919999999999986
2017-07-12,4.25,4.55,4.22,4.35,252924,58.272277070735,4.614900000000021,3.9749999999999863
2017-07-13,4.4,4.4,4.15,4.4,121918,59.563298591036116,4.620900000000021,4.044999999999986
2017-07-14,4.35,4.4,4.0,4.2,104176,52.55848889965916,4.62540000000002,4.0899999999999865
2017-07-17,4.15,4.35,4.1,4.3,65341,55.383791374573576,4.631400000000021,4.129999999999987
2017-07-18,4.25,4.25,4.1,4.2,98803,52.045860685254624,4.636900000000021,4.149999999999986
2017-07-19,4.3,4.4,4.2,4.4,36468,57.55558493360731,4.641900000000021,4.199999999999987
2017-07-20,4.4,4.4,4.25,4.3,105216,54.202258489024885,4.645400000000021,4.239999999999986
2017-07-21,4.35,4.35,4.15,4.2,111247,51.00217199610037,4.649400000000021,4.2599999999999865
2017-07-24,4.15,4.25,4.0,4.05,439301,46.56151359898742,4.650900000000021,4.254999999999987
2017-07-25,4.05,4.15,4.0,4.15,57655,49.705445185215005,4.651900000000021,4.254999999999987
2017-07-26,4.2,4.25,4.15,4.2,75934,51.24981013846505,4.656900000000021,4.239999999999986
2017-07-27,4.2,4.25,3.9,3.95,192638,43.97833620066196,4.6604000000000205,4.194999999999987
2017-07-28,3.9,4.0,3.75,3.85,261058,41.44525186683425,4.665900000000021,4.159999999999987
2017-07-31,3.85,3.9,3.85,3.85,40476,41.44525186683425,4.6699000000000215,4.114999999999987
2017-08-01,3.9,3.9,3.8,3.85,47883,41.44525186683425,4.674400000000022,4.079999999999987
2017-08-02,3.85,3.85,3.5,3.7,221361,37.40854695967831,4.675900000000022,4.009999999999987
2017-08-03,3.7,4.05,3.7,4.0,90339,48.2621777252556,4.679900000000021,3.9799999999999875
2017-08-04,4.0,4.03,3.9,3.9,38996,45.43401401266109,4.678400000000021,3.9499999999999873
2017-08-07,3.9,4.1,3.9,4.0,124490,48.673134180063315,4.676900000000021,3.9449999999999874
2017-08-08,4.0,4.05,3.8,4.05,165981,50.26292498914751,4.671900000000021,3.934999999999987
2017-08-09,4.0,4.1,4.0,4.0,94184,48.64045183290303,4.666400000000021,3.914999999999987
2017-08-10,4.0,4.05,3.9,3.9,151195,45.47853183691198,4.659900000000021,3.909999999999987
2017-08-11,3.7,3.8,3.5,3.75,346971,41.15668289191492,4.653400000000021,3.8999999999999866
2017-08-14,3.8,4.1,3.75,4.1,210241,52.49953937719016,4.650400000000022,3.9249999999999865
2017-08-15,4.1,4.1,3.8,3.8,76748,44.569103116586014,4.644400000000021,3.919999999999986
2017-08-16,3.85,3.9,3.75,3.8,74831,44.56910311658601,4.637400000000022,3.9299999999999855
2017-08-17,3.8,3.8,3.7,3.7,50434,42.11000963430624,4.625100000000021,3.8999999999999857
2017-08-18,3.7,3.75,3.65,3.75,79281,43.780271537377274,4.607600000000022,3.884999999999986
2017-08-21,3.75,3.75,3.6,3.6,105991,40.04725597885896,4.5891000000000215,3.844999999999986
2017-08-22,3.6,3.9,3.6,3.85,50366,48.004783876578294,4.574100000000022,3.8249999999999864
2017-08-23,3.8,3.8,3.7,3.75,57920,45.408507019278396,4.554100000000022,3.7999999999999865
2017-08-24,3.85,3.85,3.75,3.8,18858,46.95333199089129,4.532600000000022,3.7899999999999863
2017-08-25,3.83,3.85,3.8,3.85,25409,48.52210382164991,4.515100000000022,3.7999999999999865
2017-08-28,3.8,4.0,3.8,4.0,56898,53.01160624142664,4.499600000000022,3.7899999999999863
2017-08-29,4.0,4.0,3.85,3.95,65577,51.40235495399377,4.480600000000021,3.804999999999987
2017-08-30,3.95,3.95,3.65,3.65,137711,42.97315955504172,4.458600000000021,3.789999999999987
2017-08-31,3.7,3.9,3.7,3.85,112349,48.979887239135515,4.437600000000021,3.804999999999987
2017-09-01,3.85,4.0,3.8,4.0,89859,52.98012708123299,4.420600000000022,3.8299999999999867
2017-09-05,3.95,4.15,3.8603,4.1,119943,55.48586682832448,4.403600000000022,3.879999999999987
2017-09-06,4.05,4.7,4.05,4.5,273771,63.79674327079301,4.390600000000021,3.944999999999987
2017-09-07,4.45,4.6,4.26,4.55,86505,64.68433050063979,4.3776000000000215,4.024999999999986
2017-09-08,4.65,4.9,4.65,4.85,215179,69.51383077365216,4.368100000000021,4.129999999999987
2017-09-11,4.8,4.9,4.35,4.68,184292,64.15946728562639,4.358400000000022,4.212999999999987
2017-09-12,4.55,4.85,4.55,4.7,96809,64.50585233406888,4.3494000000000215,4.282999999999987
2017-09-13,4.65,4.95,4.55,4.85,188656,67.07591845596343,4.343400000000022,4.372999999999987
2017-09-14,4.95,5.0,4.65,4.7,172795,62.223827325052724,4.335900000000022,4.477999999999987
2017-09-15,4.85,4.85,4.4,4.4,232570,53.835994934093854,4.323900000000021,4.532999999999987
2017-09-18,4.4,4.55,4.1,4.15,350575,48.02603433283007,4.306900000000021,4.547999999999987
2017-09-19,4.15,4.4,3.95,4.0,204643,44.89536038260396,4.287900000000021,4.537999999999987
2017-09-20,4.05,4.25,4.0,4.1,131653,47.359008065840435,4.270400000000021,4.497999999999987
2017-09-21,4.2,4.33,4.1,4.2,88790,49.77712175864559,4.258400000000021,4.462999999999988
2017-09-22,4.2,4.25,4.1,4.25,33056,50.98938651290216,4.244900000000021,4.402999999999987
2017-09-25,4.25,4.55,4.25,4.45,220417,55.60543497984807,4.233400000000021,4.3799999999999875
2017-09-26,4.5,4.55,4.3,4.35,96779,52.921529033341365,4.2214000000000205,4.344999999999987
2017-09-27,4.4,4.43,4.25,4.25,233502,50.30660118612796,4.208400000000021,4.284999999999988
2017-09-28,4.25,4.35,4.1,4.25,41557,50.30660118612796,4.194400000000021,4.239999999999987
2017-09-29,4.2,4.5,4.2,4.4,95051,54.24004992074323,4.180400000000021,4.239999999999987
2017-10-02,4.4,4.4,4.2,4.33,31039,52.164922250496616,4.168700000000021,4.257999999999987
2017-10-03,4.3,4.65,4.15,4.15,1276129,47.16770079182834,4.15820000000002,4.272999999999987
2017-10-04,4.15,4.38,4.15,4.3,195728,51.350188124897024,4.15290000000002,4.292999999999987
2017-10-05,4.35,4.5,4.3,4.5,55954,56.31590430023155,4.14990000000002,4.322999999999986
2017-10-06,4.5,4.6,4.45,4.6,114010,58.59174740824973,4.150400000000021,4.357999999999986
2017-10-09,4.6,4.7,4.55,4.6,66005,58.59174740824973,4.1509000000000205,4.372999999999986
2017-10-10,4.7,4.8,4.55,4.78,91620,62.65347707687792,4.15320000000002,4.415999999999986
2017-10-11,4.75,4.83,4.45,4.5,187892,53.811149666491744,4.15070000000002,4.4409999999999865
2017-10-12,4.45,4.47,4.1,4.3,104503,48.54139590384984,4.14520000000002,4.4459999999999855
2017-10-13,4.35,4.45,4.3,4.4,91045,51.1189808785327,4.14070000000002,4.4459999999999855
2017-10-16,4.35,4.58,4.35,4.43,39757,51.89742819367148,4.136500000000019,4.455999999999986
2017-10-17,4.45,4.65,4.25,4.6,702012,56.158212736403364,4.13350000000002,4.500999999999986
2017-10-18,4.55,4.55,4.45,4.5,39110,53.17447758441287,4.13000000000002,4.520999999999987
2017-10-19,4.5,4.57,4.35,4.5,43501,53.17447758441287,4.12700000000002,4.520999999999987
2017-10-20,4.6,4.6,4.4,4.5,33255,53.17447758441287,4.1235000000000195,4.510999999999987
2017-10-23,4.55,4.55,4.4,4.45,42463,51.46682916652485,4.12000000000002,4.495999999999986
2017-10-24,4.45,4.5,4.35,4.4,106694,49.74638172529631,4.12000000000002,4.457999999999986
2017-10-25,4.3,4.45,4.3,4.4,61394,49.74638172529631,4.12000000000002,4.447999999999986
2017-10-26,4.35,4.5,4.35,4.45,44216,51.621945197855695,4.123500000000019,4.462999999999987
2017-10-27,4.5,4.55,4.45,4.5,45297,53.49126513873678,4.128500000000019,4.4729999999999865
2017-10-30,4.45,4.45,4.35,4.35,21320,47.5547074910265,4.130500000000019,4.464999999999987
2017-10-31,4.4,4.5,4.3,4.35,335161,47.5547074910265,4.133500000000019,4.439999999999987
2017-11-01,4.45,4.45,4.25,4.3,39651,45.59834636329315,4.14020000000002,4.419999999999987
2017-11-02,4.3,4.5,4.3,4.47,25340,52.72022419001535,4.14740000000002,4.4169999999999865
2017-11-03,4.45,4.5,4.42,4.5,17807,53.867960419609666,4.15740000000002,4.4169999999999865
2017-11-06,4.5,4.5,4.4,4.45,20305,51.61886159971357,4.165900000000019,4.4169999999999865
2017-11-07,4.45,4.45,4.25,4.28,39492,44.77396131961039,4.171200000000019,4.404999999999987
2017-11-08,4.25,4.3,4.1,4.3,109106,45.68646067252644,4.1742000000000195,4.394999999999987
2017-11-09,4.25,4.31,3.95,4.25,244913,43.740658511159545,4.178200000000019,4.374999999999987
2017-11-10,4.3,4.55,4.1,4.4,455370,50.54556758809049,4.18520000000002,4.364999999999986
2017-11-13,4.4,4.65,4.3,4.6,272370,57.86380389624055,4.192200000000019,4.389999999999986
2017-11-14,4.6,4.8,4.5,4.7,133458,60.97348374921343,4.19920000000002,4.4249999999999865
2017-11-15,4.6,5.05,4.6,4.95,474609,67.4424733144532,4.210200000000019,4.489999999999987
2017-11-16,5.05,5.15,4.95,5.0,180436,68.56477076448657,4.222200000000019,4.542999999999987
2017-11-17,4.95,5.15,4.95,5.05,108406,69.68996548372047,4.235700000000019,4.5979999999999865
2017-11-20,5.1,5.1,4.9,5.1,84438,70.81497402848109,4.24920000000002,4.662999999999987
2017-11-21,5.15,5.3,5.0,5.2,160282,72.97541821433572,4.2622000000000195,4.754999999999987
2017-11-22,5.05,5.25,5.05,5.1,216848,67.58735018846417,4.27320000000002,4.8349999999999875
2017-11-24,5.05,5.4,5.05,5.3,135758,72.03460589176979,4.28720000000002,4.939999999999987
2017-11-27,5.3,5.35,5.15,5.25,435819,69.46841108767649,4.30070000000002,5.024999999999987
2017-11-28,5.3,5.375,5.1,5.35,467818,71.64414538061054,4.314200000000021,5.099999999999987
2017-11-29,5.3,5.45,5.25,5.4,342711,72.69200000066019,4.32720000000002,5.169999999999987
2017-11-30,5.4,5.45,5.0,5.05,555202,56.853951471088784,4.33620000000002,5.179999999999986
2017-12-01,5.05,5.15,4.8,4.95,138777,53.28194867387366,4.3422000000000205,5.1749999999999865
2017-12-04,4.95,5.05,4.55,4.65,275329,44.29156717207131,4.34470000000002,5.1349999999999865
2017-12-05,4.7,4.9,4.65,4.85,83706,50.31095215406472,4.351200000000021,5.109999999999987
2017-12-06,4.9,5.0,4.8,4.95,154616,53.042987568779886,4.35770000000002,5.084999999999987
2017-12-07,4.95,4.95,4.675,4.75,177706,47.42653928443041,4.36320000000002,5.0499999999999865
2017-12-08,4.75,4.7838,4.6,4.7,88167,46.112003328303665,4.3662000000000205,4.989999999999987
2017-12-11,4.65,4.8,4.55,4.75,111975,47.6739062341351,4.370700000000021,4.939999999999987
2017-12-12,4.75,4.9,4.6,4.8,599389,49.25776435408561,4.376700000000021,4.8849999999999865
2017-12-13,4.8,5.0,4.8,4.95,217786,53.777919941722516,4.38570000000002,4.839999999999987
2017-12-14,4.95,5.1,4.9,5.05,125080,56.55637433958916,4.394700000000021,4.839999999999987
2017-12-15,5.0,5.2,4.9,5.0,265267,54.78318246254044,4.402700000000021,4.844999999999986
2017-12-18,5.1,5.15,4.85,5.1,72090,57.64346711201347,4.414200000000021,4.889999999999987
2017-12-19,5.1,5.7,5.05,5.6,403440,68.40515106843895,4.4317000000000215,4.964999999999987
2017-12-20,5.55,5.7,5.425,5.55,180701,66.58331242199638,4.448700000000021,5.024999999999986
2017-12-21,5.5,5.75,5.4,5.7,117998,69.2308522913284,4.4672000000000205,5.119999999999987
2017-12-22,5.7,5.75,5.4,5.6,78432,65.50482667213222,4.4862000000000215,5.209999999999987
2017-12-26,5.55,5.7,5.5,5.65,82242,66.47634763209547,4.502700000000021,5.2999999999999865
2017-12-27,5.65,5.7,5.5,5.65,49559,66.47634763209547,4.52020000000002,5.3849999999999865
2017-12-28,5.65,5.65,5.45,5.45,42036,58.794590518292175,4.53470000000002,5.434999999999986
2017-12-29,5.45,5.45,5.2,5.25,90757,52.28764478869125,4.546700000000021,5.454999999999987
2018-01-02,5.3,5.3,5.15,5.2,48406,50.774737911869764,4.55870000000002,5.474999999999987
2018-01-03,5.25,5.3157,5.0,5.25,91950,52.26224748294598,4.572200000000021,5.489999999999987
2018-01-04,5.3,5.35,5.2,5.2,30700,50.61508520692294,4.586700000000021,5.449999999999987
2018-01-05,5.25,5.314,5.2,5.3,44320,53.75439009096853,4.59870000000002,5.424999999999987
2018-01-08,5.25,5.33,5.25,5.25,33368,51.975327969548836,4.61320000000002,5.379999999999987
2018-01-09,5.25,5.6,5.25,5.5,70072,59.239290525348274,4.63020000000002,5.369999999999987
2018-01-10,5.5,5.6,5.4,5.55,29698,60.52529580761429,4.64870000000002,5.359999999999987
2018-01-11,5.55,5.65,5.45,5.65,43333,63.03707808415475,4.66770000000002,5.359999999999987
2018-01-12,5.65,5.8,5.55,5.75,64625,65.40752087480327,4.68920000000002,5.389999999999986
2018-01-16,5.75,5.9,5.65,5.8,59940,66.56218522898251,4.70870000000002,5.444999999999986
2018-01-17,5.75,5.85,5.75,5.85,39573,67.72245570254111,4.72970000000002,5.509999999999986
2018-01-18,5.85,5.85,5.7,5.8,38243,65.28292850517315,4.74970000000002,5.564999999999985
2018-01-19,5.75,5.8,5.7,5.8,43082,65.28292850517315,4.76920000000002,5.624999999999985
2018-01-22,5.75,5.8,5.7,5.75,34516,62.66494447848631,4.78670000000002,5.669999999999986
2018-01-23,5.7,5.8,5.7,5.75,28055,62.66494447848631,4.80470000000002,5.7199999999999855
2018-01-24,5.75,5.95,5.6,5.95,91203,68.52114170995506,4.8277000000000205,5.7649999999999855
2018-01-25,5.95,6.15,5.9,6.1,61085,72.06078168683186,4.8502000000000205,5.819999999999986
2018-01-26,6.15,6.35,6.05,6.225,67328,74.62175547699715,4.87245000000002,5.877499999999985
2018-01-29,6.2,6.2001,5.95,6.0,50649,63.36314494704607,4.89145000000002,5.9024999999999865
2018-01-30,5.95,6.0,5.9,5.95,58033,61.15502013752771,4.90595000000002,5.917499999999987
2018-01-31,5.9,5.95,5.85,5.9,28986,58.94292765883514,4.91945000000002,5.922499999999987
2018-02-01,5.85,6.1183,5.8,5.85,47353,56.73293367903811,4.92945000000002,5.927499999999988
2018-02-02,5.75,5.95,5.75,5.85,48754,56.7329336790381,4.94115000000002,5.932499999999988
2018-02-05,5.85,6.1,5.8,5.9,91795,58.535953245467525,4.9531500000000195,5.947499999999988
2018-02-06,5.85,6.25,5.85,6.15,90010,66.13485197031972,4.966150000000019,5.987499999999988
2018-02-07,6.15,6.2315,5.95,6.0,358444,59.13254024301622,4.979150000000019,5.992499999999988
2018-02-08,6.0,6.0,5.55,5.65,50680,46.706113725516396,4.9916500000000195,5.947499999999989
2018-02-09,5.6,5.7,5.3,5.6,107263,45.243392623379236,5.00615000000002,5.884999999999989
2018-02-12,5.55,5.65,5.351,5.6,26788,45.243392623379236,5.02215000000002,5.844999999999989
2018-02-13,5.55,6.15,5.537000000000001,6.0,65381,57.57168515653521,5.04115000000002,5.849999999999989
2018-02-14,6.0,6.15,5.95,6.1,41602,59.99655527229011,5.060150000000021,5.869999999999989
2018-02-15,6.05,6.15,5.95,6.15,54232,61.19087668398096,5.07915000000002,5.899999999999988
2018-02-16,6.1,6.15,6.0,6.15,21063,61.19087668398096,5.09615000000002,5.929999999999987
2018-02-20,6.15,6.9,6.0,6.85,310724,73.86157686433032,5.12115000000002,6.024999999999988
2018-02-21,6.95,6.95,6.65,6.8,91931,72.05203074776354,5.146650000000019,6.089999999999988
2018-02-22,6.65,6.845,6.45,6.5,78243,62.204862687571016,5.169150000000019,6.139999999999989
2018-02-23,6.55,6.7,6.475,6.55,33479,63.10978184166161,5.190650000000018,6.229999999999989
2018-02-26,6.6,6.75,6.55,6.7,52170,65.75848202030842,5.214350000000019,6.339999999999988
2018-02-27,6.65,6.7,6.35,6.5,47644,59.61261485312048,5.237850000000019,6.42999999999999
2018-02-28,6.55,6.6,6.2,6.2,78233,51.79310892455527,5.25685000000002,6.44999999999999
2018-03-01,6.25,6.65,6.05,6.45,77064,56.870273932295156,5.27635000000002,6.4849999999999905
2018-03-02,6.4,6.9,6.3,6.9,65628,64.18270977159503,5.29935000000002,6.559999999999991
2018-03-05,6.9,7.0,6.55,6.85,83018,62.9064971209669,5.32185000000002,6.62999999999999
2018-03-06,6.55,7.3,6.55,7.25,117014,68.33157664675792,5.34655000000002,6.66999999999999
2018-03-07,7.25,7.35,7.05,7.3,59994,68.9430282180426,5.37455000000002,6.71999999999999
2018-03-08,7.35,7.397,6.75,7.1,80765,63.64916170601133,5.40255000000002,6.77999999999999
2018-03-09,7.1,7.15,6.95,7.05,53935,62.35998245436031,5.429050000000021,6.829999999999989
2018-03-12,7.0,7.05,6.7,6.8,50162,56.22765575129418,5.45275000000002,6.839999999999989
2018-03-13,6.75,6.85,6.35,6.4,154041,48.0807097830088,5.47075000000002,6.829999999999989
2018-03-14,6.45,6.6,6.15,6.15,183893,43.80836221326668,5.48725000000002,6.82499999999999
2018-03-15,7.0,7.4,6.85,6.9,508802,56.34173858653619,5.511250000000019,6.86999999999999
2018-03-16,6.95,7.7,6.9,7.6,242785,64.33704596789357,5.54225000000002,6.939999999999989
2018-03-19,7.6,7.75,7.35,7.55,245002,63.44330599694545,5.5732500000000185,7.009999999999989
2018-03-20,7.6,8.1,7.575,7.9,1006332,66.90865664626838,5.608250000000019,7.07499999999999
2018-03-21,8.0,8.2,7.75,7.75,541786,64.1040396030601,5.641750000000019,7.11999999999999
2018-03-22,7.75,7.8,7.5,7.55,163460,60.464747445384276,5.672750000000018,7.16499999999999
2018-03-23,7.55,7.6,7.05,7.35,242353,56.981002945333735,5.701250000000019,7.1949999999999905
2018-03-26,7.45,7.7,7.4124,7.55,104092,59.494305753001086,5.733250000000018,7.269999999999991
2018-03-27,7.6,7.7,7.2,7.3,165590,55.15644600301651,5.7627500000000165,7.35999999999999
2018-03-28,7.35,7.4,7.151,7.35,67181,55.84978811121517,5.793250000000017,7.479999999999988
2018-03-29,7.35,7.6,7.3,7.55,102022,58.6066963794135,5.824050000000017,7.5449999999999875
2018-04-02,7.5,7.65,7.2,7.25,79188,53.236670795938245,5.8515500000000165,7.509999999999988
2018-04-03,7.3,7.6,7.3,7.35,49728,54.72583633858699,5.880550000000016,7.489999999999988
2018-04-04,7.5,7.85,7.25,7.6,155566,58.30093905007032,5.913750000000017,7.459999999999987
2018-04-05,7.6,7.75,7.25,7.65,76099,58.99829527151634,5.947250000000017,7.449999999999987
2018-04-06,7.6,7.7,7.5,7.6,67402,57.95453558661204,5.980750000000017,7.454999999999987
2018-04-09,7.65,7.7,7.55,7.6,56257,57.95453558661204,6.012750000000018,7.479999999999987
2018-04-10,7.75,7.75,7.475,7.5,105348,55.670082304653654,6.041750000000018,7.474999999999987
2018-04-11,7.55,7.9,7.55,7.7,83617,59.13918057008361,6.0717500000000175,7.514999999999988
2018-04-12,7.65,7.9,7.5,7.65,133062,57.91888630211316,6.098750000000017,7.544999999999989
2018-04-13,7.7,7.7,7.35,7.4,126626,52.1271601170185,6.122750000000017,7.52999999999999
2018-04-16,7.5,7.5985,7.35,7.4,65252,52.1271601170185,6.146250000000017,7.54499999999999
2018-04-17,7.45,7.7,7.25,7.3,165178,49.81622378302954,6.168250000000016,7.53999999999999
2018-04-18,7.3,7.8,7.1,7.7,342956,57.86315991434634,6.193250000000017,7.549999999999992
2018-04-19,7.8,7.9,7.45,7.5,231950,53.26422253202134,6.217250000000016,7.534999999999991
2018-04-20,7.5,7.7,7.4,7.6,87732,55.18227229661637,6.2402500000000165,7.534999999999991
2018-04-23,7.5,7.7,7.35,7.45,107699,51.751371168910985,6.262250000000018,7.519999999999992
2018-04-24,7.5,7.6,7.25,7.35,121372,49.54001751706828,6.282250000000017,7.504999999999991
2018-04-25,7.4,7.45,7.25,7.45,185386,51.75989628829141,6.302750000000018,7.4799999999999915
2018-04-26,7.5,7.6,7.3,7.4,213250,50.562156602276424,6.326250000000019,7.454999999999991
2018-04-27,7.5,7.5,7.25,7.3,54197,48.161743852263015,6.349750000000017,7.4449999999999905
2018-04-30,7.4,7.5,7.25,7.25,121846,46.96126420131343,6.375750000000018,7.42999999999999
2018-05-01,7.2,7.4,7.2,7.25,326384,46.96126420131343,6.399750000000017,7.42499999999999
2018-05-02,7.25,7.4,7.15,7.25,177935,46.96126420131343,6.422750000000017,7.37999999999999
2018-05-03,7.25,7.3,7.2,7.2,111723,45.54340803808346,6.447250000000017,7.34999999999999
2018-05-04,7.25,7.375,7.15,7.25,156698,47.25827873098995,6.472750000000016,7.314999999999991
2018-05-07,7.35,7.5,7.2,7.35,175210,50.60831451076953,6.498750000000017,7.30499999999999
2018-05-08,7.3,7.6,7.2,7.5,143931,55.20457611389011,6.525750000000017,7.3199999999999905
2018-05-09,7.55,7.6156,7.25,7.4,111073,51.7473153280292,6.550250000000017,7.314999999999991
2018-05-10,7.35,8.031,7.3,7.8,231964,61.9990282803386,6.577750000000017,7.35499999999999
2018-05-11,8.2,9.1,7.9,8.95,697979,77.07754490033962,6.617250000000017,7.519999999999991
2018-05-14,9.05,9.55,8.95,9.45,397903,80.66903238636522,6.660750000000018,7.73999999999999
2018-05-15,9.45,9.85,9.3,9.8,220016,82.71107138250477,6.702750000000017,7.99499999999999
2018-05-16,9.9,9.947000000000001,9.25,9.3,236932,71.1483075523439,6.7402500000000165,8.19999999999999
2018-05-17,9.2,9.55,9.2,9.55,133254,73.16808866494102,6.778750000000016,8.43499999999999
2018-05-18,9.6,9.6,9.15,9.3,102072,68.03861108956511,6.8157500000000155,8.63999999999999
2018-05-21,9.35,9.6,9.3,9.45,54573,69.42368363917878,6.853750000000016,8.84999999999999
2018-05-22,9.45,9.45,9.0,9.05,172623,61.74004021720591,6.887750000000016,9.00499999999999
2018-05-23,9.0,9.35,9.0,9.3,108104,64.39259620137776,6.926250000000015,9.19499999999999
2018-05-24,9.35,9.5,9.15,9.25,67872,63.44519600148787,6.966250000000015,9.33999999999999
2018-05-25,9.2,9.35,8.75,8.9,288116,57.110888051959755,7.003250000000014,9.33499999999999
2018-05-29,8.85,8.8999,8.4501,8.65,246319,53.03763642675125,7.0372500000000136,9.25499999999999
2018-05-30,8.7,8.7,8.3,8.45,407721,49.96732055283694,7.069750000000014,9.11999999999999
2018-05-31,8.8,8.8,8.35,8.65,408539,52.90343393312367,7.103250000000014,9.05499999999999
2018-06-01,8.75,8.95,8.25,8.5,440840,50.50936360595912,7.135750000000014,8.949999999999992
2018-06-04,8.5,8.6,8.2,8.35,323578,48.16219650210377,7.164250000000014,8.854999999999992
2018-06-05,8.35,8.575,8.3,8.45,286545,49.835825557351725,7.193250000000015,8.754999999999992
2018-06-06,8.4,9.2,8.35,9.15,455081,59.655183357351795,7.228250000000015,8.764999999999992
2018-06-07,9.35,9.7963,9.3,9.65,557382,64.93501126499442,7.267250000000015,8.799999999999994
2018-06-08,9.6,9.7,9.25,9.45,223835,61.469733694730955,7.303750000000016,8.819999999999993
2018-06-11,9.45,9.5999,9.275,9.3,169878,58.929701085027766,7.3382500000000155,8.859999999999992
2018-06-12,9.25,9.75,9.25,9.65,204555,62.79304651135219,7.3767500000000155,8.959999999999992
2018-06-13,9.7,10.0,9.35,9.5,333798,60.18029627024266,7.413750000000016,9.064999999999992
2018-06-14,9.55,9.75,9.45,9.65,107953,61.888076169610414,7.452750000000016,9.164999999999992
2018-06-15,9.6,10.125,9.501,10.05,227400,66.06738631835583,7.495750000000015,9.319999999999991
2018-06-18,10.05,10.75,9.95,10.7,461749,71.53072565363136,7.5432500000000156,9.554999999999993
2018-06-19,10.6,11.6,10.45,11.6,714142,77.04237579069849,7.598250000000015,9.869999999999992
2018-06-20,11.8,11.85,11.1,11.3,535539,72.0360558660411,7.649000000000014,10.08499999999999
2018-06-21,11.5,12.2,11.3,11.85,414449,75.21578560009695,7.707500000000015,10.304999999999989
2018-06-22,11.9,12.25,10.9,12.2,637048,77.00749705865398,7.770000000000015,10.57999999999999
2018-06-25,12.2,12.5,11.65,12.4,345909,77.98681223862538,7.835000000000015,10.88999999999999
2018-06-26,12.3,12.8,12.15,12.75,251868,79.62253300079831,7.904000000000014,11.19999999999999
2018-06-27,12.75,13.3,12.3,12.35,437926,72.95088079352664,7.9690000000000145,11.484999999999989
2018-06-28,12.2,12.35,11.95,12.25,280493,71.34147998349562,8.032500000000015,11.744999999999989
2018-06-29,12.25,12.35,12.0,12.3,281864,71.6779244886803,8.094000000000015,11.969999999999988
2018-07-02,12.05,12.575,11.95,12.35,199757,72.0315252145421,8.157500000000015,12.13499999999999
2018-07-03,12.45,12.55,12.05,12.15,135312,68.35527726374913,8.222500000000014,12.189999999999989
2018-07-05,12.25,12.3,11.8,11.95,270015,64.79403208204589,8.286000000000016,12.254999999999988
2018-07-06,11.95,12.15,11.7868,11.95,156776,64.79403208204589,8.349500000000015,12.26499999999999
2018-07-09,11.95,12.0108,11.8,11.85,139369,62.893925771691144,8.408000000000015,12.229999999999988
2018-07-10,11.85,12.25,11.75,11.9,222763,63.47074325737163,8.466000000000015,12.179999999999987
2018-07-11,11.8,12.0,11.7,11.8,155008,61.41447930902716,8.522500000000015,12.084999999999988
2018-07-12,11.95,12.75,11.95,12.5,266059,68.98827975529817,8.586000000000015,12.099999999999989
2018-07-13,12.5,12.710999999999999,12.0,12.15,284790,62.39373026606934,8.639000000000015,12.08999999999999
2018-07-16,12.2,13.2,12.2,12.45,386346,65.44292193043555,8.695500000000015,12.104999999999988
2018-07-17,12.45,12.65,12.05,12.1,369071,59.3924761674647,8.751500000000016,12.07999999999999
2018-07-18,12.05,12.25,11.8,11.85,795590,55.449035299814646,8.804500000000017,12.049999999999988
2018-07-19,12.4,12.8,11.75,11.8,1116572,54.667253003884255,8.855500000000015,12.03499999999999
2018-07-20,11.9,12.05,11.7,11.75,426661,53.84961861025711,8.908000000000015,12.01499999999999
2018-07-23,11.75,12.1,11.45,12.0,376546,57.289337093598114,8.966000000000015,12.029999999999992
2018-07-24,11.45,11.55,10.8,11.55,951971,50.057131652130636,9.017000000000014,11.994999999999994
2018-07-25,11.3,11.65,11.2,11.3,503908,46.54190531077444,9.061000000000014,11.944999999999995
2018-07-26,11.0,11.0,10.15,10.25,1052513,35.32244306932934,9.095000000000013,11.719999999999994
2018-07-27,9.9,10.0,9.6,9.85,5052768,32.14354214913722,9.121000000000015,11.489999999999991
2018-07-30,10.0,10.3,9.825,10.15,981863,36.74175769531955,9.149500000000014,11.259999999999993
2018-07-31,10.25,10.5,9.95,10.45,866643,41.044147419012255,9.183000000000014,11.094999999999994
2018-08-01,10.4,10.7,10.2,10.5,421589,41.755170078718535,9.217500000000015,10.959999999999994
2018-08-02,10.55,10.65,10.1,10.25,471453,39.208947364444285,9.252000000000015,10.804999999999994
2018-08-03,10.2,10.325,9.7,9.9,458152,35.90764172770771,9.287000000000015,10.619999999999994
2018-08-06,9.95,9.95,9.6,9.7,636129,34.13877497904983,9.322500000000016,10.389999999999995
2018-08-07,9.75,10.0,9.6,9.85,331543,36.65899876177451,9.352000000000016,10.219999999999995
2018-08-08,9.75,10.3,9.7,10.3,493894,43.62811626267528,9.379000000000016,10.119999999999994
2018-08-09,10.25,10.6,10.25,10.4,446497,45.074355675470905,9.407500000000017,10.134999999999994
2018-08-10,10.3,10.9,10.0075,10.6,1561183,47.950488772818765,9.434500000000016,10.209999999999996
2018-08-13,10.65,10.8,10.05,10.35,311531,44.793021386114745,9.460500000000017,10.229999999999993
2018-08-14,10.35,10.7,10.2,10.7,330855,49.77893210375995,9.492000000000017,10.254999999999994
2018-08-15,10.65,10.7,10.35,10.6,342880,48.43304409790939,9.524500000000018,10.264999999999993
2018-08-16,10.6,10.95,10.475,10.8,334867,51.27075228450883,9.557000000000018,10.319999999999993
2018-08-17,10.9,11.475,10.9,11.25,725689,57.003892689482896,9.596500000000018,10.454999999999993
2018-08-20,11.25,11.25,11.0,11.1,253363,54.693927627312696,9.634000000000018,10.594999999999992
2018-08-21,11.1,11.2763,10.7224,11.15,405903,55.34353164186019,9.670000000000018,10.724999999999993
2018-08-22,11.2,11.45,11.05,11.2,259156,56.022589258697195,9.709500000000018,10.814999999999994
2018-08-23,11.15,11.6985,11.1,11.5,346319,59.95704202578136,9.751000000000019,10.924999999999994
2018-08-24,11.45,11.75,11.4,11.6,324131,61.2030357460566,9.791000000000018,11.024999999999993
2018-08-27,11.55,11.7,11.3737,11.55,457636,60.19447737582464,9.830000000000018,11.144999999999992
2018-08-28,11.5,11.7,11.35,11.6,469702,60.88856846550095,9.870000000000019,11.234999999999992
2018-08-29,11.65,12.25,11.15,11.8,796927,63.62111284020942,9.912000000000017,11.354999999999993
2018-08-30,11.9,11.95,11.7,11.85,235505,64.29276501440182,9.955500000000018,11.459999999999992
2018-08-31,11.75,12.55,11.7,12.3,589934,69.71258028151422,10.001500000000016,11.564999999999992
2018-09-04,12.25,12.3,11.85,12.1,749020,64.99103781944193,10.046000000000017,11.664999999999992
2018-09-05,12.15,12.4,11.651,12.1,245097,64.99103781944193,10.093000000000018,11.759999999999991
2018-09-06,12.15,12.2,11.85,12.0,236675,62.53499881723703,10.139000000000017,11.839999999999991
2018-09-07,11.95,12.25,11.95,12.1,237526,64.00010047282433,10.187000000000019,11.899999999999991
2018-09-10,12.1,12.55,12.0401,12.4,229123,68.03821780911277,10.23400000000002,11.979999999999993
2018-09-11,12.4,12.6,11.95,12.2,344072,62.967304649065305,10.28100000000002,12.044999999999991
2018-09-12,12.15,12.75,12.0,12.4,374294,65.71883026225619,10.329000000000022,12.124999999999991
2018-09-13,12.4,12.75,12.3,12.55,229235,67.65962343862057,10.38000000000002,12.199999999999992
2018-09-14,12.5,12.95,12.35,12.9,422878,71.687395743779,10.435500000000022,12.304999999999993
2018-09-17,12.8,12.9,12.35,12.5,384857,62.15936711644067,10.486000000000022,12.324999999999992
2018-09-18,12.8,12.9499,12.15,12.65,334089,64.08701499620683,10.538500000000022,12.379999999999992
2018-09-19,12.7,12.95,12.55,12.6,501430,62.93612779267947,10.591500000000021,12.429999999999993
2018-09-20,12.7,12.75,12.448,12.5,276155,60.59246036637372,10.644000000000021,12.479999999999993
2018-09-21,12.45,12.7,12.3,12.5,506838,60.59246036637372,10.696500000000022,12.519999999999992
2018-09-24,12.4,12.8,11.85,11.85,313854,47.31111973881543,10.742500000000021,12.464999999999993
2018-09-25,11.9,12.2,11.55,12.0,509589,50.03300102681394,10.79050000000002,12.444999999999991
2018-09-26,11.9,12.6,11.600999999999999,12.35,502631,55.774021902458784,10.84150000000002,12.439999999999992
2018-09-27,12.35,12.4,12.1,12.25,215076,53.869586947193966,10.89050000000002,12.409999999999993
2018-09-28,12.2,12.25,11.9,12.1,376481,51.05356400343589,10.936500000000018,12.329999999999993
2018-10-01,12.05,12.41,11.59,12.27,391117,53.98915214886951,10.985200000000019,12.306999999999993
2018-10-02,12.25,12.25,11.36,11.52,413298,42.016487470000705,11.022400000000019,12.193999999999994
2018-10-03,11.54,11.92,11.07,11.38,472784,40.22334834075241,11.046700000000019,12.071999999999994
2018-10-04,11.37,11.52,10.96,11.0,486568,35.76208992871854,11.062200000000018,11.921999999999993
2018-10-05,10.95,11.24,10.82,11.07,274505,37.14507533333134,11.074900000000019,11.778999999999993
2018-10-08,11.05,11.24,10.82,11.01,229466,36.4212742585068,11.092000000000018,11.694999999999993
2018-10-09,11.0,11.35,10.58,10.82,345378,34.15183257759777,11.104700000000019,11.576999999999993
2018-10-10,10.81,11.12,10.45,10.79,220895,33.79377494545521,11.119600000000018,11.420999999999992
2018-10-11,10.73,11.35,10.73,11.31,476115,44.63004595363302,11.138200000000017,11.326999999999993
2018-10-12,11.4,11.7,11.07,11.39,351095,46.09190776621172,11.16160000000002,11.255999999999993
2018-10-15,11.38,11.54,11.1401,11.43,167060,46.84753955323112,11.18290000000002,11.171999999999993
2018-10-16,12.51,13.5,12.1,13.23,1852600,68.34820193724005,11.222700000000021,11.342999999999993
2018-10-17,13.02,13.4,12.99,13.23,475910,68.34820193724005,11.26600000000002,11.527999999999995
2018-10-18,13.27,13.44,12.8,13.1,230225,66.10832162742554,11.310500000000017,11.737999999999994
2018-10-19,13.11,13.25,12.18,12.32,520759,54.555848509148916,11.349200000000017,11.862999999999994
2018-10-22,12.42,12.76,12.36,12.59,519681,57.33519351661384,11.388600000000014,12.020999999999994
2018-10-23,12.45,13.0,12.31,12.67,479642,58.15187253364714,11.430300000000015,12.205999999999994
2018-10-24,10.8,11.37,9.5,9.53,3120400,32.143965139023166,11.442100000000016,12.079999999999995
2018-10-25,10.75,10.82,9.28,9.285,2895617,30.979730642736172,11.450450000000016,11.877499999999994
2018-10-26,9.02,9.75,8.9,9.7,1082374,35.25731346754711,11.455950000000016,11.708499999999994
2018-10-29,9.83,9.83,9.221,9.4,711399,33.63451428839039,11.453450000000016,11.505499999999994
2018-10-30,9.39,9.57,9.21,9.52,552004,34.9247704621541,11.454150000000016,11.134499999999994
2018-10-31,9.63,9.7273,9.22,9.43,388551,34.38482923751127,11.455450000000017,10.754499999999995
2018-11-01,9.45,9.67,9.12,9.23,610429,33.15802913070925,11.451250000000016,10.367499999999996
2018-11-02,9.22,9.6,9.07,9.47,435675,36.10411727872019,11.450950000000017,10.082499999999996
2018-11-05,9.44,9.53,9.27,9.51,258669,36.60562846437408,11.449550000000015,9.774499999999996
2018-11-06,9.47,9.62,9.35,9.59,176112,37.65951201551613,11.444950000000015,9.466499999999996
2018-11-07,9.6,9.84,9.56,9.66,350214,38.62102312532164,11.434550000000016,9.479499999999996
2018-11-08,9.62,9.7601,9.17,9.32,281289,35.73780472419,11.411750000000016,9.482999999999995
2018-11-09,9.79,9.79,9.32,9.57,434089,39.3246436716162,11.394450000000015,9.469999999999995
2018-11-12,9.54,9.54,9.05,9.17,415505,35.874429977964255,11.367650000000017,9.446999999999994
2018-11-13,9.21,9.32,9.08,9.21,332089,36.474653381576914,11.337750000000018,9.415999999999995
2018-11-14,9.3,9.4617,9.13,9.28,446421,37.57583053300421,11.306550000000016,9.400999999999996
2018-11-15,9.27,9.36,9.02,9.3,410210,37.90701451892685,11.272050000000014,9.407999999999996
2018-11-16,9.19,9.405,9.08,9.19,337948,36.75210967584016,11.240450000000017,9.379999999999995
2018-11-19,9.18,9.29,9.04,9.27,343205,38.2261629650989,11.210650000000017,9.355999999999995
2018-11-20,9.13,9.48,9.06,9.26,631531,38.10660950599765,11.180250000000017,9.322999999999995
2018-11-21,9.3,9.62,9.22,9.35,195831,39.92758346363924,11.150250000000018,9.291999999999994
2018-11-23,9.28,9.43,9.21,9.27,122378,38.833873095835834,11.121450000000015,9.286999999999995
2018-11-26,9.32,9.46,9.25,9.38,452356,41.2181671082814,11.095750000000017,9.267999999999995
2018-11-27,9.34,9.45,8.98,9.17,273029,38.159952587218,11.067950000000017,9.267999999999995
2018-11-28,9.16,9.37,9.01,9.3,789428,41.07462893956006,11.042450000000017,9.276999999999996
2018-11-29,9.15,9.365,8.0,8.42,2209643,30.570733573535904,11.007650000000018,9.190999999999995
2018-11-30,8.33,8.43,7.83,7.91,936747,26.36303741544515,10.968750000000018,9.051999999999996
2018-12-03,8.31,8.76,8.01,8.15,2617114,31.164532892410463,10.92525000000002,8.947999999999997
2018-12-04,8.12,8.12,7.49,7.61,748631,26.91245530092148,10.879850000000017,8.781999999999996
2018-12-06,7.5,7.8,7.35,7.71,754257,28.848500706355367,10.832450000000017,8.626999999999995
2018-12-07,7.66,7.86,7.42,7.44,465201,26.785407400853117,10.785850000000018,8.435999999999996
2018-12-10,7.4,7.47,7.12,7.43,499851,26.709220946474474,10.74165000000002,8.251999999999997
2018-12-11,7.52,7.8799,7.23,7.32,622265,25.838606318674778,10.696850000000019,8.045999999999998
2018-12-12,7.39,7.98,7.36,7.66,649294,33.09761407559775,10.65595000000002,7.894999999999998
2018-12-13,7.71,7.71,7.3,7.35,385640,30.19553301968284,10.60945000000002,7.6999999999999975
2018-12-14,7.21,7.27,6.82,6.95,656304,26.916038077685556,10.56345000000002,7.552999999999997
2018-12-17,6.96,7.07,6.72,6.75,748320,25.428915421409002,10.51795000000002,7.436999999999998
2018-12-18,6.87,6.87,6.64,6.78,337589,26.088579969682527,10.483250000000021,7.299999999999997
2018-12-19,6.8,6.88,6.55,6.62,394877,24.827150498332173,10.45095000000002,7.200999999999998
2018-12-20,6.59,6.7,6.39,6.62,653118,24.827150498332173,10.415650000000019,7.091999999999999
2018-12-21,6.61,6.7,6.4,6.45,537023,23.43109275599616,10.375650000000018,6.992999999999999
2018-12-24,6.45,6.71,6.34,6.51,273461,25.03334775116258,10.335750000000019,6.900999999999999
2018-12-26,6.55,6.82,6.25,6.64,611077,28.52330750120612,10.29965000000002,6.832999999999998
2018-12-27,6.53,6.6,6.36,6.54,263831,27.464151765478405,10.266050000000018,6.720999999999999
2018-12-28,6.58,6.84,6.49,6.78,317972,33.816116928987924,10.236850000000018,6.664
2018-12-31,6.78,7.01,6.6809,6.99,530914,38.8611650023636,10.208250000000017,6.667999999999999
2019-01-02,6.9,7.1,6.79,7.06,849921,40.48959611460496,10.175850000000018,6.699
2019-01-03,6.96,7.08,6.76,6.78,315923,36.32216324360579,10.13965000000002,6.699
2019-01-04,6.89,7.23,6.86,7.07,420531,42.87969409903754,10.104350000000018,6.744
2019-01-07,7.06,7.41,7.03,7.38,482410,48.93359996664682,10.074650000000018,6.8199999999999985
2019-01-08,7.44,7.52,7.27,7.43,227404,49.85670475550884,10.041950000000018,6.917999999999999
2019-01-09,7.45,7.53,7.25,7.3,260869,47.45480969803639,10.008950000000016,6.996999999999998
2019-01-10,7.25,7.36,7.17,7.21,156207,45.80941883847757,9.973050000000018,7.053999999999998
2019-01-11,7.12,7.22,6.98,7.11,216388,43.98455195235854,9.931650000000017,7.110999999999997
2019-01-14,7.05,7.09,6.88,6.92,169708,40.66954808512647,9.889850000000017,7.124999999999997
2019-01-15,6.93,7.27,6.93,7.22,472838,47.4093171234302,9.850550000000018,7.147999999999998
2019-01-16,7.19,7.3,7.08,7.26,424082,48.25337611010518,9.811150000000017,7.1679999999999975
2019-01-17,7.22,7.42,7.14,7.4,468478,51.20519881302069,9.770150000000017,7.229999999999999
2019-01-18,7.42,7.56,7.33,7.56,431410,54.40623328745993,9.729750000000017,7.278999999999999
2019-01-22,7.56,7.57,7.37,7.45,409244,51.88609058106376,9.688750000000017,7.286
2019-01-23,7.46,7.5,6.93,7.22,550688,46.98538002981156,9.644950000000017,7.265000000000001
2019-01-24,7.23,7.29,7.0,7.26,402420,47.90690081989313,9.599550000000017,7.261000000000001
2019-01-25,7.3,7.58,7.3,7.4,1065720,51.110082120909766,9.555050000000017,7.280000000000003
2019-01-28,7.34,7.56,7.25,7.32,528783,49.24660421181575,9.505250000000018,7.301000000000004
2019-01-29,7.3,7.31,7.03,7.28,681084,48.298393101772895,9.457050000000017,7.337000000000003
2019-01-30,7.31,7.35,7.04,7.26,317368,47.802786987532876,9.408650000000017,7.341000000000004
2019-01-31,7.25,7.26,7.07,7.2,289776,46.268880434588034,9.360650000000017,7.3350000000000035
2019-02-01,7.2,7.3,7.02,7.05,519238,42.58951384830198,9.310150000000016,7.3000000000000025
2019-02-04,7.05,7.085,6.85,6.92,390993,39.646920142525936,9.255350000000016,7.236000000000002
2019-02-05,6.93,7.11,6.76,6.95,612419,40.6657361577522,9.202850000000018,7.186000000000003
2019-02-06,6.95,6.96,6.66,6.89,360563,39.23904669812715,9.147750000000016,7.153000000000003
2019-02-07,6.85,7.07,6.85,6.98,377970,42.49786911709098,9.092050000000018,7.125000000000003
2019-02-08,6.98,7.03,6.92,7.03,265334,44.28565428259403,9.033350000000018,7.088000000000003
2019-02-11,7.04,7.12,6.92,7.11,237091,47.11860462986186,8.979450000000018,7.067000000000002
2019-02-12,7.18,7.49,7.14,7.29,353764,52.91932357184071,8.925850000000018,7.068000000000002
2019-02-13,7.34,7.4875,7.29,7.44,278351,57.1386948822141,8.874250000000018,7.086000000000001
2019-02-14,7.42,7.59,7.33,7.56,251755,60.21085816589523,8.824850000000017,7.122000000000002
2019-02-15,7.57,7.6462,7.42,7.51,218342,58.33465870700683,8.774950000000016,7.168000000000002
2019-02-19,7.52,7.52,7.3,7.32,225700,51.737217384227165,8.729650000000017,7.208000000000003
2019-02-20,7.32,7.45,7.26,7.38,283770,53.524745908150415,8.683450000000017,7.251000000000002
2019-02-21,7.37,7.53,7.31,7.45,199827,55.59126989345899,8.634450000000017,7.307000000000002
2019-02-22,8.05,8.22,7.91,8.06,789519,68.66638792892556,8.592550000000017,7.415000000000002
2019-02-25,8.1,8.21,7.77,7.87,508088,62.494377393410986,8.550250000000016,7.499000000000002
2019-02-26,7.87,7.93,7.67,7.7,210093,57.513221284591765,8.504550000000018,7.5580000000000025
2019-02-27,7.71,7.89,7.54,7.86,261256,60.68905960522359,8.467950000000018,7.615000000000002
2019-02-28,7.83,8.0,7.62,7.84,275711,60.08446884921531,8.432550000000019,7.655000000000003
2019-03-01,7.9,8.06,7.77,7.77,293456,57.9099797472576,8.400250000000018,7.676000000000002
2019-03-04,7.77,7.77,7.59,7.73,228698,56.64835855920938,8.366850000000017,7.698000000000002
2019-03-05,7.73,7.74,7.62,7.65,427450,54.109358979276124,8.333250000000017,7.731000000000003
2019-03-06,7.68,7.68,7.4,7.49,184146,49.34571372206575,8.299950000000017,7.742000000000003
2019-03-07,7.48,7.52,7.3,7.45,251046,48.20318416724279,8.266550000000018,7.742000000000003
2019-03-08,7.38,7.41,7.105,7.21,285075,41.930116011900054,8.22555000000002,7.657000000000002
2019-03-11,7.23,7.29,6.94,7.16,678947,40.740587085052574,8.183250000000019,7.586000000000001
2019-03-12,7.16,7.265,7.045,7.24,414704,43.50233544879974,8.141350000000019,7.540000000000001
2019-03-13,7.28,7.56,7.2,7.51,684334,51.68616753922069,8.084150000000019,7.505000000000001
2019-03-14,7.51,7.61,7.22,7.38,672891,48.07529279250357,8.025650000000018,7.4590000000000005
2019-03-15,6.87,6.9546,6.1,6.36,2729216,30.230153346140526,7.958250000000018,7.3180000000000005
2019-03-18,6.4,6.84,6.4,6.72,1120901,38.85664637923333,7.902250000000018,7.2170000000000005
2019-03-19,6.75,6.88,6.43,6.66,1266096,38.01305389504546,7.842950000000018,7.117999999999999
2019-03-20,6.72,6.85,6.65,6.75,554374,40.11331646308536,7.783750000000018,7.044
2019-03-21,6.7,6.8,6.6401,6.76,323175,40.35513444337835,7.756050000000019,6.975
2019-03-22,6.59,6.81,6.5,6.61,622045,37.88403352949764,7.729300000000019,6.915000000000001
2019-03-25,6.6,6.68,6.5,6.6,689329,37.71821379136955,7.698300000000018,6.859
2019-03-26,6.61,6.73,6.5,6.62,404314,38.29988910976161,7.670500000000019,6.7970000000000015
2019-03-27,6.63,6.68,6.58,6.6,258275,37.91851119715469,7.641300000000019,6.706
